order_id,customer_id,order_date,status,payment_method,gross_amount,discount_amount,net_amount,currency
1,42,2024-12-22,completed,paypal,632.2,63.22,568.98,USD
2,251,2024-09-17,completed,card,520.66,52.07,468.59,USD
3,95,2025-02-13,pending,paypal,165.53,0.0,165.53,USD
4,135,2025-01-08,pending,paypal,196.47,9.82,186.65,USD
5,289,2025-07-21,completed,card,86.85,4.34,82.51,USD
6,278,2025-01-22,canceled,pix,451.81,45.18,406.63,USD
7,268,2025-01-19,canceled,boleto,466.72,0.0,466.72,USD
8,244,2025-03-21,completed,boleto,724.17,0.0,724.17,USD
9,258,2024-11-02,canceled,pix,113.82,11.38,102.44,USD
10,89,2025-05-28,completed,pix,118.43,11.84,106.59,USD
11,41,2024-09-06,pending,pix,797.87,0.0,797.87,USD
12,305,2025-04-11,completed,card,87.88,8.79,79.09,USD
13,283,2025-03-08,completed,boleto,735.39,0.0,735.39,USD
14,359,2024-10-06,canceled,boleto,107.76,0.0,107.76,USD
15,76,2024-11-04,canceled,card,741.44,0.0,741.44,USD
16,147,2024-11-20,completed,boleto,226.03,22.6,203.43,USD
17,293,2024-10-14,pending,card,154.32,15.43,138.89,USD
18,74,2024-10-09,canceled,boleto,50.25,2.51,47.74,USD
19,354,2025-04-22,completed,boleto,738.25,36.91,701.34,USD
20,11,2025-03-02,completed,paypal,238.67,23.87,214.8,USD
21,357,2024-09-05,completed,pix,124.82,12.48,112.34,USD
22,397,2025-03-10,completed,boleto,491.88,0.0,491.88,USD
23,97,2025-01-07,completed,boleto,597.94,29.9,568.04,USD
24,29,2024-12-01,completed,card,262.68,26.27,236.41,USD
25,70,2024-11-26,canceled,card,155.52,0.0,155.52,USD
26,30,2025-04-16,completed,boleto,59.44,2.97,56.47,USD
27,361,2025-05-12,completed,paypal,662.33,66.23,596.1,USD
28,326,2025-06-19,completed,pix,310.52,31.05,279.47,USD
29,91,2024-12-22,canceled,paypal,288.51,14.43,274.08,USD
30,384,2024-09-03,completed,paypal,41.41,0.0,41.41,USD
31,84,2024-11-02,completed,pix,524.96,0.0,524.96,USD
32,138,2024-09-22,pending,card,694.41,0.0,694.41,USD
33,243,2025-06-15,completed,card,194.54,9.73,184.81,USD
34,365,2024-08-23,completed,boleto,718.48,35.92,682.56,USD
35,236,2025-04-14,completed,boleto,255.67,25.57,230.1,USD
36,300,2025-06-30,completed,paypal,457.94,22.9,435.04,USD
37,153,2024-09-05,completed,boleto,69.79,3.49,66.3,USD
38,328,2025-03-08,completed,paypal,531.77,26.59,505.18,USD
39,97,2025-06-06,canceled,pix,721.76,72.18,649.58,USD
40,339,2025-03-11,completed,card,531.21,26.56,504.65,USD
41,133,2025-01-19,pending,boleto,594.65,0.0,594.65,USD
42,176,2024-08-21,completed,boleto,727.09,36.35,690.74,USD
43,260,2025-03-21,completed,pix,249.15,24.92,224.23,USD
44,66,2025-04-11,canceled,pix,758.6,37.93,720.67,USD
45,336,2025-07-07,completed,paypal,194.2,9.71,184.49,USD
46,216,2025-03-05,completed,paypal,476.75,47.68,429.07,USD
47,61,2024-12-24,completed,card,388.33,0.0,388.33,USD
48,257,2025-06-21,pending,paypal,342.22,0.0,342.22,USD
49,71,2025-05-11,completed,boleto,790.01,79.0,711.01,USD
50,74,2025-03-13,completed,card,400.31,0.0,400.31,USD
51,161,2024-10-01,completed,card,372.6,0.0,372.6,USD
52,390,2025-05-27,canceled,pix,401.87,0.0,401.87,USD
53,67,2024-10-11,pending,boleto,334.65,33.46,301.19,USD
54,197,2025-08-19,completed,pix,589.91,0.0,589.91,USD
55,165,2024-11-23,completed,card,547.86,0.0,547.86,USD
56,116,2024-08-31,completed,paypal,120.57,12.06,108.51,USD
57,258,2024-10-24,completed,pix,70.92,0.0,70.92,USD
58,153,2025-03-26,pending,paypal,358.26,0.0,358.26,USD
59,176,2024-12-14,completed,pix,148.61,14.86,133.75,USD
60,10,2025-04-27,completed,pix,184.73,0.0,184.73,USD
61,302,2024-12-06,completed,card,305.94,0.0,305.94,USD
62,193,2024-09-28,completed,card,483.26,0.0,483.26,USD
63,339,2025-06-27,completed,card,558.0,55.8,502.2,USD
64,228,2025-02-08,completed,paypal,390.03,0.0,390.03,USD
65,106,2024-08-31,completed,paypal,348.28,0.0,348.28,USD
66,340,2024-11-28,completed,pix,346.68,0.0,346.68,USD
67,262,2024-10-09,completed,paypal,108.93,0.0,108.93,USD
68,255,2025-05-12,canceled,pix,626.81,0.0,626.81,USD
69,184,2024-08-26,pending,paypal,145.09,14.51,130.58,USD
70,107,2024-09-03,pending,paypal,202.91,0.0,202.91,USD
71,344,2025-07-07,completed,boleto,136.33,0.0,136.33,USD
72,400,2024-12-03,completed,card,725.73,0.0,725.73,USD
73,234,2025-03-23,completed,boleto,59.06,0.0,59.06,USD
74,21,2025-03-26,completed,paypal,352.28,0.0,352.28,USD
75,49,2025-07-29,completed,pix,537.42,0.0,537.42,USD
76,169,2025-02-19,pending,paypal,705.21,0.0,705.21,USD
77,191,2025-02-27,completed,card,332.61,33.26,299.35,USD
78,140,2025-02-05,pending,boleto,526.1,0.0,526.1,USD
79,58,2025-06-15,completed,pix,100.9,10.09,90.81,USD
80,292,2024-09-08,pending,pix,496.83,24.84,471.99,USD
81,314,2025-08-07,completed,boleto,737.91,0.0,737.91,USD
82,211,2025-01-08,completed,card,224.06,11.2,212.86,USD
83,7,2024-08-26,canceled,pix,782.76,39.14,743.62,USD
84,266,2024-11-27,canceled,card,357.62,0.0,357.62,USD
85,247,2025-02-25,pending,pix,674.45,0.0,674.45,USD
86,6,2024-09-26,completed,boleto,684.46,0.0,684.46,USD
87,39,2024-12-13,completed,pix,278.1,13.91,264.19,USD
88,26,2024-12-05,completed,boleto,334.56,0.0,334.56,USD
89,41,2024-12-29,pending,boleto,88.66,8.87,79.79,USD
90,229,2025-03-13,completed,boleto,601.29,0.0,601.29,USD
91,53,2025-01-27,pending,card,454.56,0.0,454.56,USD
92,47,2024-10-16,canceled,paypal,714.29,0.0,714.29,USD
93,336,2024-09-12,pending,paypal,303.41,0.0,303.41,USD
94,115,2025-01-01,completed,boleto,578.99,28.95,550.04,USD
95,367,2025-01-02,completed,card,612.27,0.0,612.27,USD
96,2,2025-02-28,completed,paypal,447.2,22.36,424.84,USD
97,360,2025-06-28,completed,pix,404.09,40.41,363.68,USD
98,55,2025-04-13,canceled,pix,166.28,16.63,149.65,USD
99,111,2024-12-30,completed,paypal,104.06,10.41,93.65,USD
100,24,2024-10-01,canceled,card,622.27,62.23,560.04,USD
101,235,2024-09-18,canceled,pix,771.81,0.0,771.81,USD
102,272,2025-07-28,canceled,boleto,674.28,67.43,606.85,USD
103,261,2025-05-23,canceled,pix,589.79,0.0,589.79,USD
104,54,2025-02-04,canceled,paypal,413.21,41.32,371.89,USD
105,215,2024-10-14,completed,paypal,330.34,16.52,313.82,USD
106,151,2025-01-02,completed,pix,341.94,17.1,324.84,USD
107,360,2024-11-14,completed,pix,176.69,8.83,167.86,USD
108,352,2025-02-26,completed,pix,413.04,20.65,392.39,USD
109,364,2025-06-23,completed,boleto,474.59,47.46,427.13,USD
110,346,2024-11-21,completed,boleto,650.48,0.0,650.48,USD
111,13,2025-02-07,completed,card,542.8,0.0,542.8,USD
112,137,2025-05-31,completed,paypal,134.21,0.0,134.21,USD
113,354,2025-03-23,completed,card,299.77,29.98,269.79,USD
114,53,2024-10-10,canceled,pix,599.08,59.91,539.17,USD
115,122,2024-12-03,completed,card,742.66,74.27,668.39,USD
116,214,2024-09-05,completed,card,30.11,1.51,28.6,USD
117,104,2024-10-08,pending,pix,730.96,36.55,694.41,USD
118,387,2024-10-24,canceled,pix,625.39,0.0,625.39,USD
119,151,2025-01-04,completed,card,165.84,0.0,165.84,USD
120,377,2024-12-01,completed,boleto,51.69,2.58,49.11,USD
121,285,2025-04-08,completed,pix,475.51,23.78,451.73,USD
122,3,2025-03-05,pending,pix,51.15,2.56,48.59,USD
123,306,2025-07-26,canceled,paypal,402.63,20.13,382.5,USD
124,38,2024-08-24,completed,pix,766.45,0.0,766.45,USD
125,259,2025-06-01,pending,boleto,91.72,0.0,91.72,USD
126,110,2024-09-16,completed,paypal,301.42,0.0,301.42,USD
127,386,2024-10-09,canceled,boleto,797.37,0.0,797.37,USD
128,59,2024-09-13,completed,boleto,207.47,0.0,207.47,USD
129,21,2024-09-06,completed,boleto,734.43,0.0,734.43,USD
130,198,2025-04-12,canceled,paypal,39.27,1.96,37.31,USD
131,264,2024-12-04,pending,boleto,54.2,0.0,54.2,USD
132,165,2024-12-01,completed,card,150.57,0.0,150.57,USD
133,321,2025-07-19,completed,pix,694.66,69.47,625.19,USD
134,54,2025-05-08,canceled,boleto,524.32,0.0,524.32,USD
135,383,2024-09-04,completed,card,378.2,18.91,359.29,USD
136,20,2025-07-08,completed,card,158.83,7.94,150.89,USD
137,286,2025-07-16,canceled,pix,730.57,73.06,657.51,USD
138,199,2025-01-03,pending,boleto,266.8,26.68,240.12,USD
139,345,2025-06-22,canceled,card,520.31,0.0,520.31,USD
140,388,2024-10-26,completed,card,299.01,0.0,299.01,USD
141,149,2024-09-04,completed,card,239.58,23.96,215.62,USD
142,196,2025-01-31,completed,boleto,141.93,0.0,141.93,USD
143,70,2025-02-02,canceled,paypal,768.9,0.0,768.9,USD
144,153,2024-09-09,completed,card,451.75,0.0,451.75,USD
145,64,2025-07-31,completed,boleto,438.98,0.0,438.98,USD
146,157,2025-05-06,completed,pix,341.87,0.0,341.87,USD
147,83,2025-05-19,completed,paypal,171.57,0.0,171.57,USD
148,344,2024-11-04,completed,boleto,522.85,0.0,522.85,USD
149,149,2024-09-12,completed,paypal,96.6,9.66,86.94,USD
150,170,2025-02-20,completed,pix,98.04,0.0,98.04,USD
151,100,2025-03-12,pending,boleto,276.11,13.81,262.3,USD
152,356,2024-10-26,completed,paypal,650.01,65.0,585.01,USD
153,87,2025-08-19,completed,pix,632.81,63.28,569.53,USD
154,142,2025-02-18,completed,paypal,704.75,70.48,634.27,USD
155,229,2025-02-19,completed,boleto,450.3,0.0,450.3,USD
156,331,2024-10-15,completed,paypal,689.8,0.0,689.8,USD
157,276,2025-05-13,completed,card,587.39,0.0,587.39,USD
158,260,2024-10-02,completed,boleto,619.98,0.0,619.98,USD
159,19,2024-11-12,completed,boleto,530.05,0.0,530.05,USD
160,188,2025-02-02,completed,paypal,124.43,0.0,124.43,USD
161,204,2025-02-16,canceled,card,536.89,0.0,536.89,USD
162,388,2024-12-01,completed,boleto,144.19,0.0,144.19,USD
163,377,2024-12-17,completed,card,190.68,19.07,171.61,USD
164,119,2025-07-20,completed,paypal,202.53,0.0,202.53,USD
165,266,2025-02-18,pending,boleto,735.96,0.0,735.96,USD
166,21,2024-09-23,completed,card,568.91,28.45,540.46,USD
167,380,2025-04-09,canceled,pix,313.79,31.38,282.41,USD
168,188,2024-10-25,completed,paypal,313.54,0.0,313.54,USD
169,265,2025-01-26,completed,paypal,399.75,39.98,359.77,USD
170,310,2025-08-18,canceled,pix,363.12,0.0,363.12,USD
171,40,2024-12-01,completed,pix,137.19,0.0,137.19,USD
172,186,2024-10-17,completed,pix,343.4,17.17,326.23,USD
173,369,2025-06-24,pending,boleto,393.64,0.0,393.64,USD
174,332,2025-01-23,completed,pix,53.65,0.0,53.65,USD
175,69,2024-10-03,canceled,card,714.82,0.0,714.82,USD
176,29,2025-05-28,completed,pix,422.98,42.3,380.68,USD
177,307,2024-11-06,completed,paypal,758.86,0.0,758.86,USD
178,230,2024-10-15,pending,boleto,153.04,15.3,137.74,USD
179,308,2025-06-09,canceled,pix,506.11,25.31,480.8,USD
180,86,2024-09-04,completed,boleto,485.3,0.0,485.3,USD
181,118,2025-02-09,pending,pix,104.68,0.0,104.68,USD
182,268,2024-12-06,pending,pix,492.3,0.0,492.3,USD
183,244,2024-10-11,canceled,card,704.65,0.0,704.65,USD
184,48,2024-12-18,completed,card,719.64,71.96,647.68,USD
185,268,2025-01-18,completed,card,564.16,56.42,507.74,USD
186,118,2024-12-18,pending,paypal,479.46,0.0,479.46,USD
187,218,2025-06-14,completed,boleto,617.37,0.0,617.37,USD
188,146,2024-10-19,canceled,boleto,221.09,0.0,221.09,USD
189,364,2025-08-18,canceled,card,425.41,42.54,382.87,USD
190,336,2025-05-08,completed,boleto,302.57,0.0,302.57,USD
191,219,2024-09-22,canceled,paypal,223.82,22.38,201.44,USD
192,290,2025-02-15,canceled,paypal,793.6,79.36,714.24,USD
193,387,2025-05-09,pending,boleto,159.4,15.94,143.46,USD
194,130,2025-03-17,canceled,paypal,623.87,62.39,561.48,USD
195,377,2025-06-12,completed,pix,368.34,0.0,368.34,USD
196,52,2025-05-04,canceled,boleto,633.14,0.0,633.14,USD
197,83,2025-02-03,completed,card,662.14,66.21,595.93,USD
198,308,2025-01-11,completed,card,225.21,11.26,213.95,USD
199,41,2024-10-14,completed,boleto,745.93,74.59,671.34,USD
200,315,2024-09-20,canceled,paypal,575.05,0.0,575.05,USD
201,397,2025-05-24,pending,boleto,28.35,1.42,26.93,USD
202,100,2025-08-04,canceled,pix,499.85,0.0,499.85,USD
203,185,2025-04-21,completed,pix,87.74,4.39,83.35,USD
204,400,2025-01-29,completed,boleto,336.25,0.0,336.25,USD
205,266,2025-08-14,completed,card,448.68,22.43,426.25,USD
206,178,2025-04-02,completed,pix,374.71,37.47,337.24,USD
207,295,2025-08-19,completed,pix,337.57,0.0,337.57,USD
208,287,2025-07-15,canceled,paypal,285.17,0.0,285.17,USD
209,263,2025-04-12,canceled,paypal,561.47,56.15,505.32,USD
210,289,2024-12-17,completed,paypal,769.77,76.98,692.79,USD
211,349,2024-12-29,canceled,card,395.94,19.8,376.14,USD
212,35,2025-02-07,completed,pix,644.13,64.41,579.72,USD
213,181,2024-11-30,canceled,card,566.64,28.33,538.31,USD
214,128,2025-03-27,completed,boleto,545.48,27.27,518.21,USD
215,39,2024-11-11,completed,boleto,264.82,0.0,264.82,USD
216,294,2025-04-06,completed,pix,409.22,0.0,409.22,USD
217,121,2025-04-20,completed,pix,198.78,0.0,198.78,USD
218,317,2025-02-20,completed,card,113.51,0.0,113.51,USD
219,347,2024-09-16,pending,card,616.11,0.0,616.11,USD
220,247,2025-02-12,canceled,paypal,404.03,20.2,383.83,USD
221,252,2025-05-20,canceled,paypal,330.35,0.0,330.35,USD
222,28,2024-11-25,pending,boleto,752.93,0.0,752.93,USD
223,258,2025-02-25,pending,pix,376.61,0.0,376.61,USD
224,358,2024-11-29,pending,paypal,557.58,0.0,557.58,USD
225,346,2025-05-06,pending,card,273.84,13.69,260.15,USD
226,96,2024-11-14,completed,pix,230.14,11.51,218.63,USD
227,188,2025-05-19,pending,boleto,184.22,9.21,175.01,USD
228,187,2025-01-28,completed,boleto,160.31,0.0,160.31,USD
229,295,2024-09-04,completed,card,582.24,0.0,582.24,USD
230,285,2025-01-12,pending,pix,133.76,0.0,133.76,USD
231,243,2025-08-17,completed,boleto,409.69,20.48,389.21,USD
232,250,2025-03-21,completed,card,330.75,0.0,330.75,USD
233,31,2025-05-03,completed,boleto,674.4,0.0,674.4,USD
234,231,2025-03-03,completed,paypal,301.04,15.05,285.99,USD
235,177,2025-08-11,pending,card,293.85,0.0,293.85,USD
236,296,2024-10-31,canceled,pix,783.91,39.2,744.71,USD
237,182,2025-03-08,canceled,boleto,624.3,62.43,561.87,USD
238,41,2025-02-07,canceled,paypal,381.73,0.0,381.73,USD
239,86,2024-09-28,completed,boleto,512.39,51.24,461.15,USD
240,37,2025-07-12,completed,paypal,198.01,9.9,188.11,USD
241,335,2025-03-25,completed,boleto,231.57,23.16,208.41,USD
242,400,2025-02-17,canceled,boleto,342.91,0.0,342.91,USD
243,12,2025-06-18,completed,paypal,753.54,0.0,753.54,USD
244,108,2025-05-28,pending,card,94.53,9.45,85.08,USD
245,281,2025-07-25,completed,boleto,428.71,0.0,428.71,USD
246,54,2025-04-09,canceled,pix,85.76,8.58,77.18,USD
247,159,2025-04-26,completed,paypal,365.67,0.0,365.67,USD
248,68,2024-11-25,completed,card,47.42,2.37,45.05,USD
249,167,2024-12-21,pending,paypal,447.87,0.0,447.87,USD
250,358,2024-11-18,completed,boleto,512.22,51.22,461.0,USD
251,269,2024-09-28,canceled,paypal,728.96,72.9,656.06,USD
252,277,2025-04-27,completed,boleto,260.14,26.01,234.13,USD
253,134,2025-06-03,completed,card,20.07,0.0,20.07,USD
254,177,2025-03-28,pending,card,556.46,55.65,500.81,USD
255,387,2024-12-20,completed,card,617.38,30.87,586.51,USD
256,306,2025-04-25,completed,paypal,167.09,16.71,150.38,USD
257,203,2025-04-16,completed,boleto,666.17,0.0,666.17,USD
258,135,2025-07-12,pending,pix,422.96,21.15,401.81,USD
259,146,2024-09-23,canceled,paypal,342.07,0.0,342.07,USD
260,94,2025-06-13,completed,card,516.78,51.68,465.1,USD
261,140,2024-08-28,canceled,boleto,166.48,0.0,166.48,USD
262,78,2025-07-27,canceled,card,165.03,0.0,165.03,USD
263,145,2025-04-06,completed,boleto,587.14,0.0,587.14,USD
264,47,2025-06-05,completed,boleto,189.41,18.94,170.47,USD
265,160,2024-12-09,completed,boleto,563.61,0.0,563.61,USD
266,170,2025-07-11,completed,card,227.87,22.79,205.08,USD
267,37,2024-11-16,pending,pix,169.91,8.5,161.41,USD
268,196,2025-08-15,completed,pix,320.14,32.01,288.13,USD
269,127,2025-08-04,completed,boleto,593.55,0.0,593.55,USD
270,267,2024-09-15,completed,boleto,323.52,16.18,307.34,USD
271,166,2025-06-01,completed,card,217.58,10.88,206.7,USD
272,102,2025-02-18,completed,pix,779.15,0.0,779.15,USD
273,325,2025-01-11,completed,card,150.54,7.53,143.01,USD
274,300,2025-06-21,pending,pix,26.97,0.0,26.97,USD
275,298,2024-09-02,pending,pix,309.69,0.0,309.69,USD
276,128,2025-06-02,pending,card,555.04,27.75,527.29,USD
277,389,2024-10-05,completed,card,297.3,0.0,297.3,USD
278,360,2024-11-20,completed,pix,400.52,20.03,380.49,USD
279,286,2024-09-25,completed,boleto,591.89,0.0,591.89,USD
280,353,2025-02-09,completed,pix,215.54,0.0,215.54,USD
281,249,2024-08-25,pending,paypal,443.33,44.33,399.0,USD
282,98,2024-11-04,completed,paypal,272.47,27.25,245.22,USD
283,141,2024-10-19,canceled,pix,73.72,0.0,73.72,USD
284,231,2025-03-23,completed,paypal,374.18,37.42,336.76,USD
285,376,2025-05-19,completed,paypal,625.29,0.0,625.29,USD
286,165,2025-07-20,canceled,boleto,168.1,16.81,151.29,USD
287,393,2024-11-12,completed,paypal,271.63,13.58,258.05,USD
288,57,2025-07-03,canceled,card,54.15,0.0,54.15,USD
289,92,2025-08-05,completed,card,398.59,0.0,398.59,USD
290,17,2024-11-02,pending,boleto,430.14,21.51,408.63,USD
291,26,2025-02-15,completed,card,30.21,0.0,30.21,USD
292,336,2024-12-13,completed,boleto,644.8,0.0,644.8,USD
293,185,2024-11-09,pending,paypal,639.51,0.0,639.51,USD
294,316,2025-04-07,canceled,card,592.75,29.64,563.11,USD
295,40,2025-05-03,canceled,card,98.96,0.0,98.96,USD
296,273,2025-02-05,completed,pix,430.43,0.0,430.43,USD
297,292,2024-10-05,completed,boleto,601.96,30.1,571.86,USD
298,346,2024-12-30,pending,card,150.11,0.0,150.11,USD
299,282,2025-01-28,canceled,paypal,532.87,53.29,479.58,USD
300,181,2025-03-13,canceled,paypal,678.99,67.9,611.09,USD
301,392,2024-10-01,pending,paypal,494.56,0.0,494.56,USD
302,193,2024-11-13,completed,paypal,770.09,77.01,693.08,USD
303,204,2025-08-21,completed,paypal,484.7,0.0,484.7,USD
304,155,2025-08-18,completed,pix,187.56,9.38,178.18,USD
305,12,2024-09-02,completed,pix,93.54,9.35,84.19,USD
306,183,2025-06-03,completed,paypal,306.32,0.0,306.32,USD
307,120,2025-04-12,completed,card,464.98,0.0,464.98,USD
308,376,2025-07-13,completed,boleto,154.86,0.0,154.86,USD
309,305,2024-09-27,completed,card,590.02,59.0,531.02,USD
310,41,2025-07-24,completed,paypal,706.24,70.62,635.62,USD
311,214,2025-06-21,completed,card,514.43,51.44,462.99,USD
312,28,2025-03-18,canceled,card,269.07,0.0,269.07,USD
313,168,2024-12-07,completed,pix,59.41,5.94,53.47,USD
314,229,2024-10-21,canceled,card,193.23,9.66,183.57,USD
315,202,2025-06-07,completed,paypal,84.39,0.0,84.39,USD
316,281,2025-01-29,completed,card,330.85,33.09,297.76,USD
317,397,2024-08-29,completed,pix,395.12,0.0,395.12,USD
318,250,2025-01-31,canceled,pix,457.71,0.0,457.71,USD
319,125,2025-07-16,completed,boleto,272.26,0.0,272.26,USD
320,58,2024-09-12,pending,boleto,304.91,0.0,304.91,USD
321,165,2025-02-26,canceled,card,620.35,0.0,620.35,USD
322,180,2024-10-10,pending,pix,363.56,0.0,363.56,USD
323,103,2024-09-05,completed,pix,611.03,0.0,611.03,USD
324,58,2025-07-25,completed,pix,697.63,34.88,662.75,USD
325,8,2025-02-27,completed,paypal,371.05,0.0,371.05,USD
326,170,2025-05-06,canceled,pix,178.97,8.95,170.02,USD
327,281,2024-12-17,canceled,pix,562.16,0.0,562.16,USD
328,193,2024-10-27,canceled,card,219.26,0.0,219.26,USD
329,146,2025-05-11,canceled,paypal,61.41,0.0,61.41,USD
330,35,2025-02-04,completed,paypal,694.14,0.0,694.14,USD
331,150,2024-09-23,pending,pix,784.24,0.0,784.24,USD
332,162,2024-12-16,canceled,card,165.41,16.54,148.87,USD
333,288,2024-08-22,completed,card,212.97,10.65,202.32,USD
334,171,2024-12-14,pending,pix,34.33,1.72,32.61,USD
335,182,2024-10-05,completed,pix,796.88,39.84,757.04,USD
336,32,2024-10-05,completed,boleto,714.51,0.0,714.51,USD
337,285,2025-03-31,completed,pix,286.59,28.66,257.93,USD
338,337,2025-06-12,completed,boleto,426.16,0.0,426.16,USD
339,214,2025-04-20,canceled,pix,352.64,17.63,335.01,USD
340,310,2025-03-06,pending,pix,181.27,0.0,181.27,USD
341,298,2024-11-17,completed,pix,261.02,0.0,261.02,USD
342,221,2025-06-08,canceled,pix,267.65,0.0,267.65,USD
343,95,2025-03-12,completed,card,617.04,61.7,555.34,USD
344,211,2025-03-19,pending,paypal,138.53,0.0,138.53,USD
345,55,2025-06-15,completed,card,614.71,30.74,583.97,USD
346,311,2024-11-04,canceled,pix,485.16,0.0,485.16,USD
347,352,2025-08-08,completed,card,556.75,55.68,501.07,USD
348,69,2024-12-07,canceled,boleto,575.37,28.77,546.6,USD
349,95,2025-02-04,pending,boleto,127.26,0.0,127.26,USD
350,116,2025-08-05,pending,card,741.84,74.18,667.66,USD
351,114,2024-09-12,completed,pix,71.59,7.16,64.43,USD
352,316,2024-12-14,completed,boleto,712.32,71.23,641.09,USD
353,208,2025-07-31,canceled,boleto,581.76,58.18,523.58,USD
354,314,2024-11-02,canceled,card,426.11,42.61,383.5,USD
355,234,2025-07-31,completed,boleto,787.39,0.0,787.39,USD
356,286,2025-02-04,canceled,card,168.08,16.81,151.27,USD
357,204,2025-03-19,completed,boleto,149.86,7.49,142.37,USD
358,314,2025-07-25,canceled,pix,381.59,38.16,343.43,USD
359,47,2024-12-08,completed,pix,627.41,0.0,627.41,USD
360,202,2025-01-22,completed,boleto,39.43,3.94,35.49,USD
361,303,2024-08-22,completed,boleto,90.34,4.52,85.82,USD
362,355,2024-09-23,completed,card,91.13,9.11,82.02,USD
363,325,2025-02-17,completed,boleto,586.96,0.0,586.96,USD
364,194,2024-11-13,pending,card,619.24,30.96,588.28,USD
365,290,2024-09-18,completed,pix,697.68,0.0,697.68,USD
366,394,2024-08-22,completed,boleto,260.29,26.03,234.26,USD
367,148,2024-10-05,completed,card,720.86,0.0,720.86,USD
368,2,2024-10-07,completed,card,377.74,37.77,339.97,USD
369,279,2025-08-19,canceled,boleto,205.55,20.56,184.99,USD
370,233,2025-01-24,pending,card,488.95,0.0,488.95,USD
371,126,2024-11-14,completed,pix,58.16,0.0,58.16,USD
372,29,2024-09-21,completed,card,133.39,0.0,133.39,USD
373,342,2024-10-30,canceled,paypal,278.27,0.0,278.27,USD
374,26,2025-06-27,pending,pix,145.84,7.29,138.55,USD
375,313,2024-09-17,canceled,pix,773.71,38.69,735.02,USD
376,19,2025-07-05,completed,paypal,307.48,30.75,276.73,USD
377,35,2025-01-15,canceled,card,248.41,0.0,248.41,USD
378,63,2024-08-31,completed,paypal,431.1,0.0,431.1,USD
379,357,2025-05-06,canceled,card,105.26,0.0,105.26,USD
380,248,2024-09-03,canceled,paypal,353.1,17.66,335.44,USD
381,133,2024-11-25,canceled,paypal,743.14,74.31,668.83,USD
382,267,2024-10-02,pending,boleto,650.22,0.0,650.22,USD
383,363,2025-03-26,completed,card,112.2,11.22,100.98,USD
384,321,2025-06-22,completed,boleto,342.95,17.15,325.8,USD
385,180,2024-11-08,completed,card,519.68,25.98,493.7,USD
386,131,2025-07-18,completed,paypal,415.22,20.76,394.46,USD
387,393,2025-08-18,completed,paypal,286.26,0.0,286.26,USD
388,90,2025-05-14,completed,paypal,739.38,73.94,665.44,USD
389,243,2025-08-03,completed,boleto,141.2,14.12,127.08,USD
390,275,2025-03-03,pending,boleto,743.68,0.0,743.68,USD
391,267,2025-03-21,canceled,paypal,453.04,0.0,453.04,USD
392,107,2024-10-30,completed,paypal,71.65,0.0,71.65,USD
393,144,2025-08-06,completed,boleto,508.68,0.0,508.68,USD
394,293,2024-10-15,pending,pix,484.25,24.21,460.04,USD
395,362,2025-03-13,completed,paypal,342.82,34.28,308.54,USD
396,122,2025-02-12,pending,paypal,188.59,9.43,179.16,USD
397,90,2025-06-25,completed,card,626.68,0.0,626.68,USD
398,228,2024-12-05,completed,boleto,725.87,0.0,725.87,USD
399,98,2025-02-28,pending,paypal,624.92,0.0,624.92,USD
400,394,2025-07-02,canceled,pix,180.05,0.0,180.05,USD
401,236,2025-02-04,canceled,card,23.21,0.0,23.21,USD
402,352,2024-10-21,completed,paypal,384.16,0.0,384.16,USD
403,53,2024-11-28,completed,card,470.5,23.53,446.97,USD
404,328,2025-05-06,completed,pix,170.19,8.51,161.68,USD
405,273,2025-03-11,pending,card,232.67,0.0,232.67,USD
406,141,2025-06-24,completed,card,181.13,9.06,172.07,USD
407,282,2025-03-11,completed,pix,755.76,37.79,717.97,USD
408,294,2025-04-18,completed,card,262.87,13.14,249.73,USD
409,277,2025-01-06,completed,pix,42.61,0.0,42.61,USD
410,55,2025-02-06,completed,card,352.64,0.0,352.64,USD
411,361,2024-10-20,canceled,boleto,500.73,25.04,475.69,USD
412,171,2025-05-12,canceled,card,779.47,77.95,701.52,USD
413,291,2025-06-15,completed,boleto,95.87,4.79,91.08,USD
414,351,2024-09-26,pending,boleto,200.72,0.0,200.72,USD
415,74,2024-10-10,completed,paypal,325.82,16.29,309.53,USD
416,167,2025-01-01,pending,card,70.98,0.0,70.98,USD
417,180,2024-12-19,pending,pix,240.16,12.01,228.15,USD
418,310,2024-10-31,completed,card,336.44,0.0,336.44,USD
419,167,2024-11-10,completed,paypal,435.54,43.55,391.99,USD
420,303,2025-01-22,completed,pix,447.4,44.74,402.66,USD
421,197,2025-07-19,completed,pix,654.85,65.48,589.37,USD
422,223,2024-11-04,completed,pix,155.01,0.0,155.01,USD
423,379,2024-08-22,canceled,boleto,109.17,10.92,98.25,USD
424,167,2024-11-10,completed,boleto,157.42,15.74,141.68,USD
425,36,2024-10-19,completed,boleto,275.38,0.0,275.38,USD
426,47,2025-05-02,completed,card,610.52,0.0,610.52,USD
427,232,2024-11-22,completed,boleto,500.15,50.02,450.13,USD
428,101,2025-05-08,completed,paypal,464.82,23.24,441.58,USD
429,223,2025-02-26,completed,card,496.96,49.7,447.26,USD
430,66,2025-03-24,completed,paypal,722.84,0.0,722.84,USD
431,1,2024-08-26,canceled,paypal,105.56,5.28,100.28,USD
432,16,2025-04-23,pending,boleto,507.67,50.77,456.9,USD
433,208,2025-02-07,pending,pix,536.74,53.67,483.07,USD
434,72,2025-05-17,canceled,boleto,677.8,33.89,643.91,USD
435,214,2025-06-04,completed,pix,124.74,0.0,124.74,USD
436,332,2025-08-13,completed,boleto,533.18,0.0,533.18,USD
437,44,2025-06-12,pending,boleto,716.99,71.7,645.29,USD
438,320,2025-05-21,pending,boleto,450.6,45.06,405.54,USD
439,197,2025-02-21,completed,pix,351.32,0.0,351.32,USD
440,296,2024-12-09,completed,paypal,340.45,17.02,323.43,USD
441,18,2025-08-02,canceled,boleto,569.81,0.0,569.81,USD
442,298,2024-12-18,completed,pix,589.54,29.48,560.06,USD
443,239,2024-11-30,completed,card,211.28,0.0,211.28,USD
444,351,2024-10-01,canceled,paypal,498.17,24.91,473.26,USD
445,274,2025-08-16,pending,boleto,419.88,41.99,377.89,USD
446,294,2025-03-05,pending,paypal,769.25,38.46,730.79,USD
447,149,2025-05-28,completed,paypal,587.04,29.35,557.69,USD
448,32,2024-10-03,pending,pix,466.83,23.34,443.49,USD
449,378,2024-10-06,completed,paypal,398.11,0.0,398.11,USD
450,259,2025-07-13,completed,paypal,123.38,6.17,117.21,USD
451,141,2025-04-12,completed,card,490.98,0.0,490.98,USD
452,338,2025-01-05,completed,pix,223.78,0.0,223.78,USD
453,249,2025-05-21,canceled,card,287.42,0.0,287.42,USD
454,75,2024-10-21,completed,boleto,607.15,60.72,546.43,USD
455,395,2025-02-06,completed,boleto,586.28,0.0,586.28,USD
456,108,2024-10-30,completed,card,520.96,0.0,520.96,USD
457,27,2025-05-28,pending,boleto,391.46,39.15,352.31,USD
458,383,2024-11-22,completed,boleto,553.14,55.31,497.83,USD
459,243,2025-04-09,completed,boleto,29.25,2.93,26.32,USD
460,196,2024-09-08,completed,card,95.94,4.8,91.14,USD
461,222,2024-10-13,completed,paypal,230.85,0.0,230.85,USD
462,131,2024-09-20,canceled,boleto,379.66,0.0,379.66,USD
463,376,2024-09-11,canceled,pix,425.56,0.0,425.56,USD
464,161,2024-11-14,completed,card,668.72,0.0,668.72,USD
465,211,2025-07-02,canceled,card,554.69,27.73,526.96,USD
466,113,2025-03-29,completed,pix,46.55,0.0,46.55,USD
467,30,2024-10-21,completed,card,572.3,0.0,572.3,USD
468,45,2024-10-16,completed,boleto,531.99,0.0,531.99,USD
469,57,2024-08-30,completed,paypal,249.76,0.0,249.76,USD
470,328,2025-01-01,completed,boleto,559.93,28.0,531.93,USD
471,132,2025-05-31,completed,paypal,626.14,62.61,563.53,USD
472,199,2025-03-04,completed,paypal,765.37,38.27,727.1,USD
473,92,2025-01-08,completed,boleto,783.95,0.0,783.95,USD
474,313,2025-02-01,completed,boleto,104.58,10.46,94.12,USD
475,112,2024-10-11,completed,boleto,578.01,0.0,578.01,USD
476,18,2025-07-15,completed,paypal,626.24,0.0,626.24,USD
477,255,2025-06-06,completed,card,538.39,26.92,511.47,USD
478,78,2024-08-28,completed,boleto,468.22,46.82,421.4,USD
479,245,2025-01-10,pending,card,441.3,0.0,441.3,USD
480,197,2024-09-03,pending,card,462.45,23.12,439.33,USD
481,171,2024-09-06,completed,boleto,63.05,0.0,63.05,USD
482,188,2024-11-21,completed,card,676.12,33.81,642.31,USD
483,332,2025-05-10,completed,card,774.66,0.0,774.66,USD
484,154,2024-08-30,pending,card,511.88,25.59,486.29,USD
485,250,2025-07-09,pending,pix,129.16,0.0,129.16,USD
486,13,2024-10-22,completed,boleto,323.24,16.16,307.08,USD
487,256,2024-11-21,pending,card,48.89,0.0,48.89,USD
488,173,2025-07-31,pending,card,185.11,18.51,166.6,USD
489,348,2024-11-20,completed,pix,741.36,0.0,741.36,USD
490,377,2025-06-10,pending,card,387.55,0.0,387.55,USD
491,125,2024-08-27,completed,card,154.35,0.0,154.35,USD
492,158,2025-07-03,pending,pix,671.57,0.0,671.57,USD
493,55,2025-06-24,pending,pix,69.23,0.0,69.23,USD
494,219,2025-03-02,pending,paypal,114.23,0.0,114.23,USD
495,165,2025-05-04,completed,pix,281.69,0.0,281.69,USD
496,141,2025-06-10,pending,pix,563.11,0.0,563.11,USD
497,225,2025-04-19,canceled,card,124.03,12.4,111.63,USD
498,399,2025-06-02,completed,boleto,82.96,0.0,82.96,USD
499,92,2025-07-07,canceled,paypal,344.65,34.46,310.19,USD
500,355,2025-06-18,completed,pix,519.06,51.91,467.15,USD
501,211,2025-04-21,completed,card,485.09,48.51,436.58,USD
502,314,2025-07-07,completed,paypal,346.65,0.0,346.65,USD
503,99,2025-06-22,canceled,card,502.76,0.0,502.76,USD
504,238,2024-10-05,completed,paypal,61.39,0.0,61.39,USD
505,77,2024-09-05,pending,boleto,157.53,0.0,157.53,USD
506,28,2024-09-25,completed,paypal,183.48,9.17,174.31,USD
507,172,2024-10-10,pending,card,101.45,0.0,101.45,USD
508,276,2025-05-23,completed,card,398.35,0.0,398.35,USD
509,37,2025-04-23,pending,paypal,346.87,17.34,329.53,USD
510,118,2025-06-26,completed,pix,96.49,9.65,86.84,USD
511,103,2025-02-10,completed,card,387.37,38.74,348.63,USD
512,28,2025-01-10,completed,pix,743.75,74.38,669.37,USD
513,92,2025-02-04,completed,pix,377.04,0.0,377.04,USD
514,324,2025-02-19,completed,pix,282.0,0.0,282.0,USD
515,355,2024-11-03,completed,paypal,126.47,12.65,113.82,USD
516,235,2025-01-19,completed,paypal,191.49,9.57,181.92,USD
517,310,2025-06-02,canceled,pix,470.93,0.0,470.93,USD
518,45,2025-01-23,canceled,boleto,692.52,0.0,692.52,USD
519,303,2024-12-22,pending,paypal,31.31,3.13,28.18,USD
520,377,2025-04-17,completed,paypal,358.71,0.0,358.71,USD
521,303,2025-06-06,canceled,card,345.86,0.0,345.86,USD
522,21,2024-12-24,canceled,card,352.04,35.2,316.84,USD
523,246,2024-08-30,completed,boleto,406.32,0.0,406.32,USD
524,286,2025-08-15,pending,pix,123.52,6.18,117.34,USD
525,123,2024-09-24,completed,card,394.23,19.71,374.52,USD
526,83,2024-08-26,pending,card,781.61,78.16,703.45,USD
527,396,2025-06-12,pending,pix,636.09,31.8,604.29,USD
528,321,2024-12-27,completed,card,320.21,16.01,304.2,USD
529,272,2025-08-05,completed,boleto,607.25,0.0,607.25,USD
530,351,2025-07-11,canceled,paypal,593.89,0.0,593.89,USD
531,264,2024-09-10,completed,card,106.55,5.33,101.22,USD
532,239,2024-10-09,completed,paypal,305.82,0.0,305.82,USD
533,288,2024-08-23,completed,pix,785.38,0.0,785.38,USD
534,277,2025-06-24,pending,pix,607.48,0.0,607.48,USD
535,165,2025-02-22,completed,boleto,236.17,0.0,236.17,USD
536,191,2025-02-26,pending,boleto,411.13,0.0,411.13,USD
537,241,2024-08-23,canceled,paypal,372.54,18.63,353.91,USD
538,345,2024-09-01,completed,pix,715.68,71.57,644.11,USD
539,45,2025-07-11,pending,pix,244.93,0.0,244.93,USD
540,56,2025-05-29,completed,card,563.72,56.37,507.35,USD
541,78,2025-05-09,canceled,card,248.67,0.0,248.67,USD
542,243,2025-02-25,pending,boleto,595.41,0.0,595.41,USD
543,150,2025-05-17,completed,card,700.0,0.0,700.0,USD
544,267,2024-09-25,completed,boleto,471.39,23.57,447.82,USD
545,249,2024-10-22,canceled,boleto,377.25,0.0,377.25,USD
546,157,2025-05-26,completed,pix,397.71,19.89,377.82,USD
547,395,2025-07-28,completed,paypal,241.82,0.0,241.82,USD
548,317,2025-05-31,canceled,paypal,162.18,0.0,162.18,USD
549,363,2024-09-01,completed,pix,205.57,0.0,205.57,USD
550,163,2024-10-31,completed,boleto,223.12,0.0,223.12,USD
551,106,2024-11-07,completed,paypal,782.86,0.0,782.86,USD
552,191,2025-01-04,canceled,pix,436.24,0.0,436.24,USD
553,13,2025-01-26,pending,pix,759.28,37.96,721.32,USD
554,80,2025-08-19,canceled,paypal,524.85,26.24,498.61,USD
555,243,2025-03-26,canceled,pix,643.67,64.37,579.3,USD
556,174,2024-09-03,completed,boleto,722.14,0.0,722.14,USD
557,348,2024-11-12,completed,paypal,39.34,0.0,39.34,USD
558,229,2025-02-20,completed,paypal,62.93,0.0,62.93,USD
559,299,2024-11-25,completed,paypal,172.66,0.0,172.66,USD
560,276,2025-01-05,completed,boleto,171.67,8.58,163.09,USD
561,309,2024-10-16,canceled,card,728.59,36.43,692.16,USD
562,204,2025-06-07,pending,paypal,321.17,0.0,321.17,USD
563,146,2025-02-26,completed,paypal,782.47,0.0,782.47,USD
564,111,2025-01-06,pending,boleto,245.13,24.51,220.62,USD
565,374,2025-01-21,completed,card,132.04,6.6,125.44,USD
566,244,2024-11-26,completed,card,747.86,74.79,673.07,USD
567,46,2025-08-18,pending,paypal,343.32,34.33,308.99,USD
568,364,2024-11-04,completed,pix,165.09,16.51,148.58,USD
569,149,2024-11-11,pending,card,661.78,33.09,628.69,USD
570,300,2025-03-19,pending,boleto,195.13,0.0,195.13,USD
571,79,2025-04-09,completed,boleto,116.86,5.84,111.02,USD
572,214,2025-05-22,pending,pix,42.19,2.11,40.08,USD
573,253,2025-07-18,canceled,paypal,473.23,47.32,425.91,USD
574,133,2024-10-04,pending,card,311.1,0.0,311.1,USD
575,133,2025-05-30,canceled,card,133.99,13.4,120.59,USD
576,355,2025-06-13,completed,pix,61.25,3.06,58.19,USD
577,215,2024-09-30,completed,card,246.09,0.0,246.09,USD
578,264,2025-05-14,completed,card,487.03,0.0,487.03,USD
579,279,2025-03-09,completed,paypal,231.74,11.59,220.15,USD
580,50,2024-11-21,canceled,paypal,662.19,0.0,662.19,USD
581,71,2024-11-29,completed,paypal,627.47,62.75,564.72,USD
582,175,2025-05-30,completed,pix,140.55,0.0,140.55,USD
583,97,2024-11-08,canceled,card,345.53,0.0,345.53,USD
584,60,2025-06-15,completed,boleto,291.6,14.58,277.02,USD
585,72,2025-01-07,canceled,paypal,154.32,7.72,146.6,USD
586,15,2025-06-22,completed,pix,688.32,0.0,688.32,USD
587,353,2025-04-27,completed,pix,183.68,0.0,183.68,USD
588,218,2024-09-02,completed,card,34.67,3.47,31.2,USD
589,388,2025-01-13,completed,pix,104.1,0.0,104.1,USD
590,241,2025-06-22,completed,card,71.67,0.0,71.67,USD
591,387,2025-07-03,completed,pix,478.33,0.0,478.33,USD
592,95,2024-09-12,completed,card,90.81,4.54,86.27,USD
593,297,2025-02-24,completed,pix,687.01,0.0,687.01,USD
594,259,2024-11-03,completed,card,659.28,0.0,659.28,USD
595,271,2025-05-02,completed,paypal,153.98,0.0,153.98,USD
596,372,2025-07-02,completed,boleto,305.84,0.0,305.84,USD
597,226,2024-09-11,completed,pix,671.1,67.11,603.99,USD
598,218,2025-05-04,canceled,pix,337.91,16.9,321.01,USD
599,64,2024-12-26,completed,pix,406.74,20.34,386.4,USD
600,361,2025-03-27,canceled,card,84.15,8.42,75.73,USD
601,60,2025-02-05,completed,boleto,488.3,24.42,463.88,USD
602,352,2025-01-06,completed,boleto,246.66,24.67,221.99,USD
603,97,2025-07-17,pending,paypal,159.85,15.98,143.87,USD
604,345,2025-06-29,pending,boleto,427.68,0.0,427.68,USD
605,62,2025-06-09,pending,boleto,562.13,0.0,562.13,USD
606,380,2025-05-27,completed,paypal,780.66,39.03,741.63,USD
607,103,2024-10-21,pending,card,201.64,20.16,181.48,USD
608,372,2024-12-09,completed,paypal,609.92,60.99,548.93,USD
609,183,2024-12-21,canceled,boleto,790.27,39.51,750.76,USD
610,76,2025-01-01,completed,card,215.54,21.55,193.99,USD
611,119,2024-10-04,completed,card,97.69,0.0,97.69,USD
612,35,2024-12-09,completed,pix,318.45,15.92,302.53,USD
613,79,2025-03-19,canceled,card,612.93,61.29,551.64,USD
614,239,2025-05-10,completed,boleto,402.4,20.12,382.28,USD
615,278,2025-02-27,canceled,card,763.01,0.0,763.01,USD
616,221,2025-06-22,pending,boleto,265.36,26.54,238.82,USD
617,227,2024-12-29,completed,card,157.96,7.9,150.06,USD
618,362,2025-05-29,pending,boleto,124.9,12.49,112.41,USD
619,250,2025-06-26,canceled,boleto,534.86,53.49,481.37,USD
620,244,2024-11-07,completed,card,325.28,32.53,292.75,USD
621,303,2025-02-09,canceled,paypal,617.85,30.89,586.96,USD
622,165,2025-07-21,completed,card,119.99,6.0,113.99,USD
623,179,2024-10-27,completed,paypal,316.85,31.69,285.16,USD
624,177,2025-02-20,pending,paypal,64.03,0.0,64.03,USD
625,127,2025-04-23,completed,card,730.1,0.0,730.1,USD
626,157,2025-06-24,completed,pix,35.38,1.77,33.61,USD
627,20,2024-12-29,pending,boleto,227.96,22.8,205.16,USD
628,302,2025-08-10,completed,boleto,464.88,23.24,441.64,USD
629,294,2025-07-02,pending,card,558.87,0.0,558.87,USD
630,173,2024-12-10,canceled,paypal,149.97,7.5,142.47,USD
631,187,2025-01-10,completed,boleto,515.65,0.0,515.65,USD
632,275,2025-05-04,completed,paypal,57.07,5.71,51.36,USD
633,116,2024-10-06,completed,card,481.65,24.08,457.57,USD
634,35,2024-11-04,canceled,boleto,353.14,17.66,335.48,USD
635,40,2024-09-22,completed,paypal,357.67,17.88,339.79,USD
636,103,2025-01-21,pending,paypal,507.47,50.75,456.72,USD
637,344,2024-11-14,completed,card,509.72,0.0,509.72,USD
638,296,2024-12-09,completed,boleto,228.99,22.9,206.09,USD
639,290,2024-10-05,completed,pix,304.13,0.0,304.13,USD
640,124,2025-06-05,completed,boleto,340.0,0.0,340.0,USD
641,325,2025-05-09,pending,paypal,662.49,0.0,662.49,USD
642,132,2024-09-04,canceled,pix,336.58,0.0,336.58,USD
643,77,2025-05-15,completed,pix,641.69,32.08,609.61,USD
644,238,2024-12-16,canceled,boleto,349.17,0.0,349.17,USD
645,104,2025-06-01,completed,pix,42.73,2.14,40.59,USD
646,338,2024-11-13,completed,card,771.75,77.18,694.57,USD
647,11,2025-07-24,completed,paypal,489.25,0.0,489.25,USD
648,209,2025-02-16,completed,boleto,755.67,0.0,755.67,USD
649,121,2025-06-25,canceled,card,427.13,21.36,405.77,USD
650,255,2025-07-06,completed,card,623.09,31.15,591.94,USD
651,169,2024-10-26,pending,pix,749.69,0.0,749.69,USD
652,74,2025-06-28,completed,pix,776.54,77.65,698.89,USD
653,210,2025-04-13,canceled,card,402.48,20.12,382.36,USD
654,359,2025-06-25,completed,boleto,390.39,0.0,390.39,USD
655,143,2025-06-08,completed,boleto,578.22,28.91,549.31,USD
656,11,2024-09-25,canceled,card,676.35,0.0,676.35,USD
657,354,2024-09-12,completed,paypal,451.13,22.56,428.57,USD
658,328,2024-08-28,completed,card,437.23,0.0,437.23,USD
659,227,2025-02-04,completed,boleto,743.46,37.17,706.29,USD
660,155,2025-07-06,completed,paypal,184.1,0.0,184.1,USD
661,225,2024-10-02,completed,boleto,635.67,31.78,603.89,USD
662,42,2024-12-13,pending,boleto,742.67,37.13,705.54,USD
663,368,2025-01-17,completed,pix,564.82,0.0,564.82,USD
664,181,2025-01-18,canceled,paypal,373.54,0.0,373.54,USD
665,391,2025-07-26,completed,boleto,637.0,0.0,637.0,USD
666,2,2025-01-28,completed,paypal,264.7,0.0,264.7,USD
667,57,2025-06-02,completed,pix,680.63,68.06,612.57,USD
668,164,2025-01-02,pending,pix,223.33,11.17,212.16,USD
669,145,2025-05-12,completed,boleto,306.73,30.67,276.06,USD
670,194,2024-11-02,completed,card,759.53,0.0,759.53,USD
671,46,2024-12-28,completed,paypal,566.98,0.0,566.98,USD
672,26,2025-01-28,canceled,boleto,488.31,0.0,488.31,USD
673,46,2025-02-14,completed,card,31.01,3.1,27.91,USD
674,396,2025-01-01,pending,card,195.1,0.0,195.1,USD
675,98,2025-04-07,completed,boleto,318.02,31.8,286.22,USD
676,106,2024-10-18,completed,paypal,586.83,0.0,586.83,USD
677,215,2025-05-21,pending,pix,42.44,2.12,40.32,USD
678,121,2024-10-09,pending,pix,308.32,30.83,277.49,USD
679,44,2025-08-16,pending,pix,699.73,69.97,629.76,USD
680,352,2025-05-05,pending,boleto,594.16,29.71,564.45,USD
681,38,2025-07-04,canceled,card,60.65,0.0,60.65,USD
682,242,2025-02-21,canceled,card,24.18,2.42,21.76,USD
683,155,2025-01-31,completed,pix,775.09,0.0,775.09,USD
684,298,2025-05-22,completed,pix,412.92,20.65,392.27,USD
685,240,2025-06-15,completed,paypal,574.0,57.4,516.6,USD
686,73,2025-04-10,completed,paypal,54.45,0.0,54.45,USD
687,256,2025-03-31,completed,boleto,240.68,12.03,228.65,USD
688,314,2025-04-08,canceled,paypal,359.9,0.0,359.9,USD
689,162,2024-12-13,completed,boleto,61.51,0.0,61.51,USD
690,28,2025-04-26,completed,card,386.79,0.0,386.79,USD
691,362,2024-12-25,pending,card,796.26,79.63,716.63,USD
692,21,2025-01-07,completed,boleto,377.05,0.0,377.05,USD
693,369,2025-06-07,completed,paypal,92.99,4.65,88.34,USD
694,93,2025-05-27,canceled,paypal,459.33,0.0,459.33,USD
695,299,2025-08-19,canceled,pix,344.81,0.0,344.81,USD
696,127,2024-12-09,completed,paypal,40.25,0.0,40.25,USD
697,202,2025-02-11,canceled,card,672.84,0.0,672.84,USD
698,15,2025-07-11,pending,boleto,374.16,18.71,355.45,USD
699,305,2024-09-19,completed,paypal,776.42,77.64,698.78,USD
700,167,2024-11-03,completed,pix,693.36,34.67,658.69,USD
701,166,2025-07-24,completed,boleto,92.19,4.61,87.58,USD
702,92,2025-04-21,pending,card,36.0,0.0,36.0,USD
703,84,2025-02-04,pending,paypal,524.79,0.0,524.79,USD
704,62,2025-03-22,pending,boleto,593.99,29.7,564.29,USD
705,351,2024-10-17,completed,paypal,539.11,26.96,512.15,USD
706,263,2025-05-11,pending,boleto,710.62,71.06,639.56,USD
707,138,2024-11-06,canceled,boleto,90.37,9.04,81.33,USD
708,189,2024-10-11,completed,boleto,511.94,0.0,511.94,USD
709,21,2024-12-02,completed,boleto,547.62,0.0,547.62,USD
710,254,2024-11-25,canceled,card,246.75,24.68,222.07,USD
711,41,2024-12-20,completed,pix,787.67,39.38,748.29,USD
712,128,2024-11-27,pending,paypal,463.46,0.0,463.46,USD
713,24,2024-12-02,completed,boleto,342.16,34.22,307.94,USD
714,339,2024-11-03,completed,paypal,218.79,0.0,218.79,USD
715,394,2024-12-07,completed,card,597.6,59.76,537.84,USD
716,92,2025-05-20,pending,card,84.97,4.25,80.72,USD
717,161,2024-10-25,pending,boleto,506.57,25.33,481.24,USD
718,175,2025-05-18,completed,pix,81.01,4.05,76.96,USD
719,345,2025-06-28,pending,card,24.56,0.0,24.56,USD
720,7,2025-05-26,pending,boleto,559.61,55.96,503.65,USD
721,156,2024-10-09,canceled,paypal,558.72,55.87,502.85,USD
722,155,2025-07-08,completed,pix,30.82,0.0,30.82,USD
723,9,2024-08-30,completed,card,183.2,0.0,183.2,USD
724,333,2025-04-20,pending,pix,87.15,8.72,78.43,USD
725,76,2024-12-22,pending,card,110.84,0.0,110.84,USD
726,379,2024-08-27,pending,boleto,387.76,38.78,348.98,USD
727,300,2025-04-19,completed,paypal,464.16,46.42,417.74,USD
728,27,2025-03-04,completed,card,511.72,51.17,460.55,USD
729,213,2024-12-11,canceled,paypal,48.87,4.89,43.98,USD
730,249,2024-12-02,canceled,boleto,200.89,0.0,200.89,USD
731,271,2025-08-12,pending,paypal,451.54,22.58,428.96,USD
732,332,2025-01-20,pending,card,405.94,20.3,385.64,USD
733,230,2024-08-29,pending,card,145.84,0.0,145.84,USD
734,241,2025-02-26,pending,pix,415.96,20.8,395.16,USD
735,309,2024-09-19,pending,pix,708.88,70.89,637.99,USD
736,214,2024-09-11,completed,boleto,643.81,0.0,643.81,USD
737,319,2025-05-07,completed,card,540.3,0.0,540.3,USD
738,89,2025-05-11,completed,boleto,98.7,9.87,88.83,USD
739,253,2025-03-19,completed,pix,454.33,0.0,454.33,USD
740,184,2025-04-10,completed,pix,156.28,0.0,156.28,USD
741,33,2025-03-02,pending,card,501.7,0.0,501.7,USD
742,288,2025-04-29,pending,paypal,795.06,39.75,755.31,USD
743,394,2025-07-29,canceled,paypal,719.13,0.0,719.13,USD
744,362,2025-07-27,pending,boleto,770.86,0.0,770.86,USD
745,55,2024-10-13,canceled,card,662.42,0.0,662.42,USD
746,260,2025-06-29,completed,card,699.28,34.96,664.32,USD
747,81,2025-03-25,pending,boleto,591.39,0.0,591.39,USD
748,79,2024-09-24,completed,paypal,658.95,0.0,658.95,USD
749,104,2025-01-09,pending,card,211.35,21.14,190.21,USD
750,175,2025-03-28,canceled,pix,86.48,4.32,82.16,USD
751,367,2025-01-21,completed,pix,138.26,13.83,124.43,USD
752,117,2025-06-12,pending,boleto,736.06,73.61,662.45,USD
753,265,2024-09-06,completed,card,365.21,0.0,365.21,USD
754,368,2024-11-30,completed,card,283.88,28.39,255.49,USD
755,396,2025-05-29,pending,card,326.75,0.0,326.75,USD
756,339,2024-09-27,completed,card,782.63,39.13,743.5,USD
757,215,2025-01-28,canceled,paypal,582.81,29.14,553.67,USD
758,177,2025-08-17,completed,pix,566.23,56.62,509.61,USD
759,330,2025-05-08,canceled,boleto,564.03,56.4,507.63,USD
760,398,2025-05-12,completed,card,48.84,2.44,46.4,USD
761,200,2025-06-18,canceled,paypal,186.71,9.34,177.37,USD
762,267,2025-02-28,completed,card,41.76,2.09,39.67,USD
763,124,2025-03-19,pending,card,590.95,29.55,561.4,USD
764,133,2024-10-04,canceled,paypal,116.57,0.0,116.57,USD
765,230,2025-03-22,canceled,card,373.45,0.0,373.45,USD
766,382,2024-10-28,canceled,pix,293.26,14.66,278.6,USD
767,342,2024-11-01,completed,boleto,425.34,0.0,425.34,USD
768,54,2025-03-07,canceled,pix,661.82,33.09,628.73,USD
769,233,2025-07-02,completed,boleto,666.18,0.0,666.18,USD
770,48,2025-07-21,pending,pix,391.48,39.15,352.33,USD
771,40,2025-02-13,canceled,boleto,478.83,47.88,430.95,USD
772,136,2024-10-26,pending,boleto,797.28,79.73,717.55,USD
773,375,2025-01-20,completed,pix,414.51,41.45,373.06,USD
774,365,2024-12-30,completed,card,561.69,56.17,505.52,USD
775,243,2025-08-05,completed,paypal,738.92,0.0,738.92,USD
776,309,2025-01-24,completed,card,308.28,15.41,292.87,USD
777,21,2024-11-27,completed,card,309.74,15.49,294.25,USD
778,156,2025-03-24,pending,card,637.14,0.0,637.14,USD
779,302,2025-01-18,completed,paypal,713.46,0.0,713.46,USD
780,94,2024-12-14,completed,card,447.08,0.0,447.08,USD
781,23,2025-01-20,pending,paypal,461.3,23.07,438.23,USD
782,194,2024-12-21,canceled,pix,614.32,61.43,552.89,USD
783,390,2025-01-03,pending,pix,695.75,34.79,660.96,USD
784,46,2024-10-06,canceled,boleto,322.04,32.2,289.84,USD
785,174,2024-11-18,completed,boleto,594.01,0.0,594.01,USD
786,85,2024-08-24,completed,paypal,457.61,0.0,457.61,USD
787,330,2024-11-08,completed,pix,765.03,0.0,765.03,USD
788,292,2024-11-27,completed,boleto,412.06,0.0,412.06,USD
789,62,2024-09-18,canceled,pix,770.65,38.53,732.12,USD
790,106,2025-04-18,canceled,boleto,86.03,4.3,81.73,USD
791,206,2024-10-24,completed,boleto,692.34,0.0,692.34,USD
792,175,2025-01-10,completed,boleto,38.76,1.94,36.82,USD
793,196,2025-04-12,completed,card,784.23,0.0,784.23,USD
794,147,2025-06-09,completed,paypal,619.28,0.0,619.28,USD
795,158,2025-01-25,completed,card,499.29,24.96,474.33,USD
796,93,2025-08-08,completed,paypal,324.15,16.21,307.94,USD
797,73,2025-01-22,completed,paypal,312.9,0.0,312.9,USD
798,27,2025-05-10,completed,pix,404.52,40.45,364.07,USD
799,59,2025-04-06,completed,paypal,382.56,38.26,344.3,USD
800,34,2024-12-17,completed,boleto,514.16,0.0,514.16,USD
801,138,2024-11-11,canceled,card,212.13,0.0,212.13,USD
802,156,2024-11-04,pending,boleto,85.45,0.0,85.45,USD
803,73,2025-02-11,canceled,pix,629.98,63.0,566.98,USD
804,285,2025-01-02,completed,card,653.86,32.69,621.17,USD
805,335,2025-05-28,completed,card,748.14,74.81,673.33,USD
806,140,2024-10-19,completed,boleto,799.41,0.0,799.41,USD
807,300,2024-12-03,completed,card,145.9,0.0,145.9,USD
808,154,2025-07-07,pending,card,667.79,33.39,634.4,USD
809,222,2025-05-06,canceled,paypal,709.47,35.47,674.0,USD
810,326,2025-04-10,pending,paypal,211.82,10.59,201.23,USD
811,175,2025-05-06,pending,paypal,32.38,0.0,32.38,USD
812,331,2025-08-20,canceled,boleto,23.34,0.0,23.34,USD
813,345,2025-05-25,pending,boleto,614.72,0.0,614.72,USD
814,333,2024-09-22,completed,card,716.21,71.62,644.59,USD
815,345,2025-06-19,completed,boleto,665.42,33.27,632.15,USD
816,199,2025-05-23,completed,card,380.9,0.0,380.9,USD
817,228,2025-08-17,completed,card,611.57,30.58,580.99,USD
818,99,2025-07-06,canceled,paypal,650.56,0.0,650.56,USD
819,120,2024-12-12,completed,card,238.99,0.0,238.99,USD
820,4,2025-05-13,pending,card,698.53,69.85,628.68,USD
821,88,2024-11-12,completed,pix,70.98,0.0,70.98,USD
822,382,2025-07-19,completed,paypal,748.18,0.0,748.18,USD
823,268,2025-04-03,completed,card,793.72,39.69,754.03,USD
824,349,2024-11-08,pending,card,751.55,0.0,751.55,USD
825,166,2025-01-12,pending,paypal,114.94,11.49,103.45,USD
826,254,2025-02-17,canceled,card,709.37,0.0,709.37,USD
827,25,2025-04-01,pending,boleto,266.67,26.67,240.0,USD
828,100,2025-03-03,completed,card,792.41,0.0,792.41,USD
829,354,2025-01-17,completed,pix,173.56,8.68,164.88,USD
830,160,2025-07-20,completed,card,394.37,0.0,394.37,USD
831,304,2024-10-05,completed,paypal,212.78,21.28,191.5,USD
832,123,2025-02-28,completed,paypal,425.35,0.0,425.35,USD
833,38,2024-10-18,canceled,boleto,616.0,61.6,554.4,USD
834,297,2025-06-19,completed,card,735.04,73.5,661.54,USD
835,161,2024-08-31,completed,pix,68.36,6.84,61.52,USD
836,29,2025-03-20,canceled,boleto,71.32,0.0,71.32,USD
837,287,2025-07-26,completed,boleto,333.31,33.33,299.98,USD
838,120,2024-10-19,canceled,card,373.66,37.37,336.29,USD
839,220,2024-10-08,canceled,card,284.9,0.0,284.9,USD
840,233,2024-11-30,completed,pix,104.25,0.0,104.25,USD
841,305,2024-08-21,completed,pix,725.41,0.0,725.41,USD
842,327,2024-12-04,completed,paypal,348.39,34.84,313.55,USD
843,96,2025-04-19,completed,card,67.18,3.36,63.82,USD
844,300,2025-01-10,canceled,paypal,262.73,0.0,262.73,USD
845,76,2024-12-24,completed,paypal,247.03,0.0,247.03,USD
846,266,2024-10-25,completed,card,205.16,0.0,205.16,USD
847,217,2025-02-26,completed,pix,519.63,0.0,519.63,USD
848,36,2025-02-28,completed,boleto,561.93,56.19,505.74,USD
849,308,2024-09-01,completed,paypal,500.56,50.06,450.5,USD
850,169,2025-05-30,completed,boleto,703.36,0.0,703.36,USD
851,254,2025-05-01,completed,pix,560.71,56.07,504.64,USD
852,320,2025-05-04,completed,boleto,592.98,29.65,563.33,USD
853,379,2025-02-10,completed,boleto,163.71,0.0,163.71,USD
854,186,2025-08-16,completed,paypal,43.41,0.0,43.41,USD
855,73,2025-03-26,pending,pix,512.44,25.62,486.82,USD
856,23,2025-08-06,completed,pix,241.6,0.0,241.6,USD
857,135,2025-05-24,completed,pix,159.26,0.0,159.26,USD
858,91,2025-04-09,completed,card,668.53,0.0,668.53,USD
859,195,2024-09-20,completed,paypal,750.17,37.51,712.66,USD
860,234,2025-04-21,completed,paypal,535.51,53.55,481.96,USD
861,365,2025-07-19,completed,pix,708.52,0.0,708.52,USD
862,98,2025-05-15,canceled,boleto,561.6,28.08,533.52,USD
863,307,2025-01-14,completed,card,615.2,0.0,615.2,USD
864,275,2025-03-24,completed,paypal,212.79,10.64,202.15,USD
865,65,2024-12-04,canceled,boleto,183.21,0.0,183.21,USD
866,241,2024-09-16,canceled,card,150.6,15.06,135.54,USD
867,385,2024-09-25,canceled,paypal,408.9,40.89,368.01,USD
868,92,2025-03-10,completed,boleto,578.21,57.82,520.39,USD
869,243,2025-04-06,canceled,boleto,517.72,0.0,517.72,USD
870,107,2025-05-01,completed,boleto,693.27,69.33,623.94,USD
871,112,2025-03-18,pending,boleto,465.67,23.28,442.39,USD
872,131,2024-11-13,completed,pix,606.27,30.31,575.96,USD
873,228,2024-11-29,completed,pix,475.49,47.55,427.94,USD
874,263,2024-10-07,completed,boleto,371.9,37.19,334.71,USD
875,210,2025-02-14,pending,paypal,232.96,0.0,232.96,USD
876,92,2025-01-07,completed,paypal,523.38,26.17,497.21,USD
877,43,2025-03-24,canceled,card,632.98,0.0,632.98,USD
878,51,2025-06-22,completed,paypal,49.86,0.0,49.86,USD
879,171,2025-05-13,completed,paypal,256.12,12.81,243.31,USD
880,98,2024-08-25,canceled,pix,798.76,39.94,758.82,USD
881,5,2025-03-21,completed,paypal,630.84,63.08,567.76,USD
882,208,2024-10-29,completed,boleto,530.19,0.0,530.19,USD
883,204,2025-04-27,completed,pix,390.06,39.01,351.05,USD
884,370,2024-12-28,completed,card,264.2,0.0,264.2,USD
885,220,2024-08-29,pending,pix,362.17,0.0,362.17,USD
886,192,2025-06-11,canceled,pix,258.35,0.0,258.35,USD
887,256,2024-09-18,completed,paypal,195.88,19.59,176.29,USD
888,352,2025-01-27,canceled,paypal,274.34,0.0,274.34,USD
889,291,2025-08-05,completed,pix,782.25,39.11,743.14,USD
890,291,2024-10-03,canceled,boleto,784.53,0.0,784.53,USD
891,201,2025-07-20,canceled,boleto,166.9,0.0,166.9,USD
892,169,2024-11-03,pending,paypal,92.73,0.0,92.73,USD
893,346,2024-11-11,completed,card,664.65,66.47,598.18,USD
894,14,2025-05-18,completed,card,730.85,73.09,657.76,USD
895,146,2025-05-08,completed,paypal,534.46,0.0,534.46,USD
896,233,2025-07-23,completed,card,154.02,15.4,138.62,USD
897,201,2025-06-02,completed,pix,438.43,43.84,394.59,USD
898,381,2025-07-17,pending,pix,121.35,0.0,121.35,USD
899,159,2025-01-12,pending,pix,490.89,24.54,466.35,USD
900,301,2025-05-10,canceled,boleto,234.84,0.0,234.84,USD
901,74,2025-01-05,completed,boleto,491.78,0.0,491.78,USD
902,270,2025-03-06,canceled,boleto,378.96,0.0,378.96,USD
903,378,2025-07-06,completed,boleto,290.49,14.52,275.97,USD
904,201,2024-10-12,completed,boleto,214.33,21.43,192.9,USD
905,235,2025-02-06,completed,card,326.97,0.0,326.97,USD
906,123,2025-06-02,completed,paypal,539.99,0.0,539.99,USD
907,358,2025-05-02,pending,boleto,794.06,0.0,794.06,USD
908,189,2025-07-13,completed,paypal,339.87,0.0,339.87,USD
909,130,2025-05-07,canceled,card,380.49,0.0,380.49,USD
910,328,2024-08-31,pending,boleto,288.05,28.81,259.24,USD
911,100,2025-01-30,completed,card,215.47,0.0,215.47,USD
912,168,2024-09-12,pending,boleto,379.86,0.0,379.86,USD
913,281,2024-09-19,completed,boleto,129.4,6.47,122.93,USD
914,83,2025-05-26,completed,card,158.24,0.0,158.24,USD
915,274,2025-02-02,completed,card,543.69,0.0,543.69,USD
916,347,2025-04-04,completed,boleto,299.31,0.0,299.31,USD
917,366,2025-08-04,canceled,pix,364.81,0.0,364.81,USD
918,326,2024-11-27,completed,boleto,558.47,55.85,502.62,USD
919,27,2024-10-19,completed,card,622.48,0.0,622.48,USD
920,128,2025-02-11,completed,pix,91.28,9.13,82.15,USD
921,15,2025-08-14,completed,pix,550.37,0.0,550.37,USD
922,113,2025-07-03,completed,pix,54.33,0.0,54.33,USD
923,168,2025-03-09,canceled,pix,507.25,50.73,456.52,USD
924,220,2025-06-21,completed,pix,102.59,5.13,97.46,USD
925,89,2025-08-14,pending,paypal,29.35,0.0,29.35,USD
926,235,2025-05-01,completed,paypal,526.96,26.35,500.61,USD
927,23,2025-07-18,completed,boleto,255.2,25.52,229.68,USD
928,53,2024-08-22,canceled,pix,216.51,0.0,216.51,USD
929,308,2025-03-08,pending,pix,279.0,13.95,265.05,USD
930,342,2024-12-18,completed,paypal,33.77,3.38,30.39,USD
931,196,2024-12-03,completed,card,201.43,0.0,201.43,USD
932,159,2025-04-22,pending,pix,503.42,0.0,503.42,USD
933,71,2025-02-11,pending,paypal,177.57,17.76,159.81,USD
934,105,2024-09-27,completed,pix,740.26,74.03,666.23,USD
935,379,2025-03-06,completed,paypal,267.68,0.0,267.68,USD
936,267,2025-01-21,completed,card,198.63,9.93,188.7,USD
937,176,2025-04-19,completed,card,727.17,0.0,727.17,USD
938,352,2024-08-30,completed,boleto,426.75,0.0,426.75,USD
939,227,2024-10-03,completed,card,698.5,0.0,698.5,USD
940,99,2025-07-26,completed,pix,117.94,0.0,117.94,USD
941,304,2024-11-13,completed,pix,415.79,41.58,374.21,USD
942,372,2024-12-25,completed,pix,582.91,0.0,582.91,USD
943,218,2025-05-23,canceled,pix,256.42,25.64,230.78,USD
944,326,2025-05-10,completed,boleto,82.41,4.12,78.29,USD
945,204,2025-02-09,completed,boleto,364.27,36.43,327.84,USD
946,390,2025-06-03,pending,card,614.3,61.43,552.87,USD
947,43,2025-03-21,canceled,pix,451.22,0.0,451.22,USD
948,132,2025-02-08,pending,paypal,373.81,37.38,336.43,USD
949,288,2024-10-15,pending,card,279.92,27.99,251.93,USD
950,101,2025-06-03,completed,card,30.01,1.5,28.51,USD
951,252,2025-01-26,pending,boleto,776.98,38.85,738.13,USD
952,197,2024-12-14,completed,card,338.85,0.0,338.85,USD
953,64,2025-02-05,canceled,pix,171.5,17.15,154.35,USD
954,131,2025-02-24,canceled,boleto,515.28,25.76,489.52,USD
955,357,2025-07-23,pending,boleto,593.82,0.0,593.82,USD
956,245,2025-08-04,completed,card,564.03,0.0,564.03,USD
957,134,2024-10-16,pending,pix,218.34,0.0,218.34,USD
958,7,2025-06-23,completed,boleto,330.18,0.0,330.18,USD
959,266,2025-05-17,pending,pix,667.2,33.36,633.84,USD
960,355,2025-03-20,canceled,boleto,477.14,47.71,429.43,USD
961,386,2025-07-07,completed,paypal,655.1,32.76,622.34,USD
962,384,2025-05-06,pending,paypal,25.01,0.0,25.01,USD
963,252,2025-08-21,completed,card,623.52,62.35,561.17,USD
964,269,2025-01-20,completed,boleto,153.09,7.65,145.44,USD
965,96,2024-08-26,completed,pix,399.45,0.0,399.45,USD
966,231,2024-11-04,completed,pix,176.73,0.0,176.73,USD
967,389,2025-05-15,completed,boleto,363.77,0.0,363.77,USD
968,326,2025-05-28,completed,paypal,86.85,0.0,86.85,USD
969,142,2025-07-20,completed,card,476.8,47.68,429.12,USD
970,249,2024-09-11,completed,card,67.62,0.0,67.62,USD
971,341,2024-10-27,completed,card,184.63,0.0,184.63,USD
972,193,2024-10-17,canceled,paypal,747.06,74.71,672.35,USD
973,388,2025-03-02,canceled,boleto,282.51,14.13,268.38,USD
974,162,2025-04-21,completed,boleto,315.18,0.0,315.18,USD
975,183,2025-03-05,completed,card,376.4,37.64,338.76,USD
976,372,2025-06-11,completed,card,697.82,34.89,662.93,USD
977,359,2025-04-16,completed,boleto,502.31,50.23,452.08,USD
978,264,2025-01-22,completed,card,789.22,39.46,749.76,USD
979,9,2024-10-01,completed,card,776.29,38.81,737.48,USD
980,348,2025-01-06,completed,boleto,332.13,0.0,332.13,USD
981,179,2025-01-14,pending,card,592.74,29.64,563.1,USD
982,311,2025-05-14,completed,card,119.73,0.0,119.73,USD
983,155,2024-09-11,canceled,boleto,151.08,15.11,135.97,USD
984,60,2024-12-18,canceled,pix,209.82,0.0,209.82,USD
985,386,2024-09-18,completed,card,359.22,0.0,359.22,USD
986,83,2025-03-07,pending,paypal,191.89,9.59,182.3,USD
987,341,2024-12-21,completed,pix,739.73,73.97,665.76,USD
988,47,2024-09-01,completed,pix,746.79,0.0,746.79,USD
989,330,2025-02-27,pending,boleto,530.06,53.01,477.05,USD
990,120,2025-04-29,completed,card,246.96,0.0,246.96,USD
991,46,2025-02-28,canceled,pix,600.8,0.0,600.8,USD
992,294,2025-02-14,completed,paypal,764.17,0.0,764.17,USD
993,160,2025-07-21,canceled,pix,680.75,68.08,612.67,USD
994,164,2025-02-16,completed,pix,103.14,0.0,103.14,USD
995,276,2024-12-29,completed,pix,656.6,32.83,623.77,USD
996,113,2024-12-09,pending,pix,489.14,0.0,489.14,USD
997,383,2024-09-15,completed,paypal,260.94,0.0,260.94,USD
998,141,2024-08-25,canceled,boleto,512.24,0.0,512.24,USD
999,254,2025-03-25,pending,card,785.29,39.26,746.03,USD
1000,79,2025-05-06,completed,card,740.06,0.0,740.06,USD
