order_item_id,order_id,product_id,quantity,unit_price,total_price
1,878,250,4,153.06,612.24
2,835,82,1,276.23,276.23
3,346,217,4,495.21,1980.84
4,776,201,4,40.55,162.2
5,745,145,3,349.71,1049.13
6,200,281,4,53.17,212.68
7,332,298,1,425.66,425.66
8,727,156,4,329.04,1316.16
9,592,71,4,349.5,1398.0
10,299,75,2,112.98,225.96
11,767,101,1,184.3,184.3
12,877,295,1,340.77,340.77
13,880,76,4,475.45,1901.8
14,438,87,1,52.54,52.54
15,998,243,2,472.81,945.62
16,121,264,3,298.73,896.19
17,994,77,4,126.28,505.12
18,122,124,4,246.87,987.48
19,705,89,4,389.05,1556.2
20,815,46,4,433.12,1732.48
21,666,196,3,318.01,954.03
22,456,189,1,64.4,64.4
23,85,63,4,322.5,1290.0
24,931,261,2,16.4,32.8
25,587,294,4,140.49,561.96
26,764,49,2,195.06,390.12
27,661,223,3,287.85,863.55
28,102,167,1,358.32,358.32
29,883,276,2,205.64,411.28
30,718,11,4,280.25,1121.0
31,550,272,4,36.65,146.6
32,858,300,1,377.99,377.99
33,213,61,2,431.69,863.38
34,712,93,1,279.59,279.59
35,820,161,1,24.38,24.38
36,589,106,2,48.47,96.94
37,263,18,1,490.06,490.06
38,519,153,3,483.31,1449.93
39,176,217,1,127.93,127.93
40,48,266,3,331.28,993.84
41,456,72,4,349.08,1396.32
42,536,181,2,345.53,691.06
43,679,23,2,23.18,46.36
44,146,154,2,478.92,957.84
45,617,283,2,297.93,595.86
46,285,66,4,41.81,167.24
47,262,134,4,326.64,1306.56
48,168,205,4,46.21,184.84
49,261,218,2,270.27,540.54
50,73,138,2,358.65,717.3
51,578,262,2,212.74,425.48
52,158,162,4,192.58,770.32
53,988,127,1,138.71,138.71
54,545,57,4,37.65,150.6
55,656,46,3,455.08,1365.24
56,797,140,2,435.08,870.16
57,232,141,1,53.48,53.48
58,993,114,4,476.13,1904.52
59,802,64,2,265.61,531.22
60,897,157,4,52.29,209.16
61,358,293,3,278.01,834.03
62,623,51,1,89.52,89.52
63,970,200,2,175.86,351.72
64,760,273,4,241.05,964.2
65,131,133,1,344.9,344.9
66,731,80,2,75.62,151.24
67,582,137,1,459.63,459.63
68,655,190,2,340.72,681.44
69,429,235,2,222.29,444.58
70,363,240,3,141.53,424.59
71,439,267,2,156.07,312.14
72,879,45,3,206.22,618.66
73,321,47,1,42.96,42.96
74,246,48,2,289.78,579.56
75,87,147,4,405.13,1620.52
76,11,218,2,242.43,484.86
77,528,273,1,205.71,205.71
78,632,98,1,358.51,358.51
79,720,274,3,125.89,377.67
80,757,271,1,305.65,305.65
81,988,87,2,91.53,183.06
82,376,69,3,476.48,1429.44
83,433,254,4,89.39,357.56
84,994,58,3,457.45,1372.35
85,256,277,1,148.58,148.58
86,495,151,3,110.47,331.41
87,756,292,4,112.64,450.56
88,313,264,1,468.03,468.03
89,914,250,1,181.09,181.09
90,631,236,3,152.68,458.04
91,110,3,3,445.65,1336.95
92,191,206,3,9.39,28.17
93,442,252,2,46.95,93.9
94,527,79,4,66.3,265.2
95,500,4,2,385.88,771.76
96,257,116,4,200.7,802.8
97,307,187,4,446.64,1786.56
98,550,138,1,494.74,494.74
99,673,225,2,74.24,148.48
100,766,223,1,182.82,182.82
101,892,102,1,98.84,98.84
102,42,69,4,213.42,853.68
103,340,17,2,334.77,669.54
104,972,246,3,63.8,191.4
105,501,282,4,400.91,1603.64
106,732,66,3,376.79,1130.37
107,800,205,4,70.05,280.2
108,981,56,1,67.43,67.43
109,353,257,1,384.86,384.86
110,243,27,3,217.68,653.04
111,612,5,4,242.7,970.8
112,289,249,1,381.65,381.65
113,254,79,2,128.49,256.98
114,786,59,3,497.16,1491.48
115,254,220,2,239.58,479.16
116,802,53,2,98.39,196.78
117,876,77,2,64.63,129.26
118,411,20,3,495.25,1485.75
119,952,75,4,13.74,54.96
120,205,47,1,193.27,193.27
121,538,157,2,114.78,229.56
122,437,246,1,257.38,257.38
123,660,27,3,59.48,178.44
124,373,144,3,357.23,1071.69
125,253,164,1,94.97,94.97
126,1,27,3,109.93,329.79
127,484,144,1,218.3,218.3
128,259,252,3,170.47,511.41
129,115,50,1,343.07,343.07
130,789,67,3,183.48,550.44
131,830,186,3,122.93,368.79
132,283,108,4,48.18,192.72
133,109,67,1,25.31,25.31
134,992,98,2,353.81,707.62
135,948,51,1,471.2,471.2
136,634,176,3,364.05,1092.15
137,780,104,2,26.69,53.38
138,197,215,3,446.34,1339.02
139,778,287,3,447.98,1343.94
140,460,61,4,38.52,154.08
141,430,269,1,87.63,87.63
142,281,67,3,27.5,82.5
143,580,32,2,371.65,743.3
144,408,254,1,86.93,86.93
145,769,261,4,283.44,1133.76
146,400,206,3,107.43,322.29
147,4,82,2,298.1,596.2
148,10,263,4,254.39,1017.56
149,738,269,3,155.19,465.57
150,226,152,3,278.31,834.93
151,176,115,1,269.12,269.12
152,299,21,2,471.31,942.62
153,285,69,3,437.32,1311.96
154,53,128,2,269.62,539.24
155,2,178,3,165.66,496.98
156,970,282,3,362.43,1087.29
157,419,151,3,492.7,1478.1
158,641,6,3,113.54,340.62
159,989,144,2,131.71,263.42
160,17,276,1,362.69,362.69
161,705,196,3,435.66,1306.98
162,650,283,2,409.34,818.68
163,226,167,3,105.94,317.82
164,645,203,2,225.8,451.6
165,748,223,3,78.43,235.29
166,491,48,4,94.85,379.4
167,190,91,2,286.98,573.96
168,966,93,3,15.42,46.26
169,167,91,4,345.25,1381.0
170,193,36,2,40.66,81.32
171,252,233,4,54.62,218.48
172,540,71,1,303.63,303.63
173,387,197,1,59.47,59.47
174,14,23,2,127.93,255.86
175,86,138,2,469.61,939.22
176,615,7,1,479.02,479.02
177,109,278,3,427.1,1281.3
178,88,104,2,242.81,485.62
179,577,228,2,157.16,314.32
180,491,80,2,32.66,65.32
181,709,137,1,15.5,15.5
182,46,53,3,55.77,167.31
183,908,213,2,5.6,11.2
184,230,13,2,216.43,432.86
185,151,181,3,116.81,350.43
186,901,197,1,248.45,248.45
187,113,115,1,478.45,478.45
188,289,183,1,309.77,309.77
189,122,185,1,448.32,448.32
190,620,78,2,217.17,434.34
191,343,93,4,79.36,317.44
192,684,155,3,177.45,532.35
193,107,139,4,332.56,1330.24
194,956,136,1,395.48,395.48
195,883,77,2,163.53,327.06
196,400,229,4,408.25,1633.0
197,116,296,4,479.99,1919.96
198,286,75,1,164.91,164.91
199,131,94,4,179.54,718.16
200,507,218,4,348.24,1392.96
201,424,171,2,402.06,804.12
202,670,126,4,212.24,848.96
203,510,276,4,268.57,1074.28
204,842,118,4,46.39,185.56
205,733,216,2,353.03,706.06
206,241,186,1,105.62,105.62
207,872,9,3,281.4,844.2
208,981,69,1,34.49,34.49
209,358,185,2,150.88,301.76
210,148,283,4,125.04,500.16
211,848,115,1,374.76,374.76
212,121,74,4,367.88,1471.52
213,713,218,3,31.77,95.31
214,109,298,1,241.03,241.03
215,609,81,1,77.71,77.71
216,145,41,2,43.15,86.3
217,583,214,2,383.88,767.76
218,482,72,3,237.74,713.22
219,740,173,4,391.79,1567.16
220,712,7,3,60.08,180.24
221,62,17,2,254.13,508.26
222,12,203,4,341.55,1366.2
223,897,233,3,459.98,1379.94
224,514,157,2,214.72,429.44
225,161,140,1,263.14,263.14
226,974,65,2,203.2,406.4
227,58,113,4,95.93,383.72
228,764,287,1,409.2,409.2
229,480,245,3,328.09,984.27
230,415,195,2,32.06,64.12
231,381,218,2,138.61,277.22
232,107,40,3,303.58,910.74
233,867,172,1,123.57,123.57
234,167,278,1,37.33,37.33
235,612,6,3,97.93,293.79
236,207,17,2,138.24,276.48
237,584,290,1,284.05,284.05
238,810,248,1,28.78,28.78
239,96,159,1,490.37,490.37
240,770,145,4,252.61,1010.44
241,323,201,3,487.06,1461.18
242,720,50,3,206.61,619.83
243,760,258,1,253.58,253.58
244,794,77,1,295.65,295.65
245,392,245,1,148.61,148.61
246,156,238,1,443.18,443.18
247,96,119,2,404.7,809.4
248,670,73,2,496.74,993.48
249,514,265,3,226.5,679.5
250,135,174,3,183.36,550.08
251,877,221,1,445.89,445.89
252,793,199,2,108.37,216.74
253,626,39,2,285.62,571.24
254,510,50,1,75.6,75.6
255,892,159,1,251.96,251.96
256,466,161,2,467.36,934.72
257,166,35,3,290.37,871.11
258,362,46,1,93.7,93.7
259,791,236,3,493.14,1479.42
260,263,227,2,470.22,940.44
261,996,292,4,24.6,98.4
262,880,147,4,207.47,829.88
263,635,67,4,186.53,746.12
264,866,161,3,46.33,138.99
265,424,260,4,135.1,540.4
266,897,22,1,371.82,371.82
267,251,288,1,81.51,81.51
268,108,149,4,83.31,333.24
269,409,38,2,197.17,394.34
270,474,48,3,235.61,706.83
271,658,274,4,59.01,236.04
272,185,56,4,385.27,1541.08
273,205,206,3,36.91,110.73
274,351,249,2,352.63,705.26
275,488,59,3,230.02,690.06
276,559,80,4,77.03,308.12
277,219,164,1,493.97,493.97
278,793,195,1,468.55,468.55
279,371,221,4,110.64,442.56
280,217,12,4,138.57,554.28
281,651,91,1,75.16,75.16
282,281,208,1,152.68,152.68
283,730,232,4,264.77,1059.08
284,686,133,2,416.12,832.24
285,95,220,3,481.87,1445.61
286,305,85,2,177.89,355.78
287,430,247,4,270.08,1080.32
288,803,83,4,180.57,722.28
289,710,293,4,412.39,1649.56
290,575,102,1,362.75,362.75
291,593,75,3,333.71,1001.13
292,844,163,1,79.5,79.5
293,470,76,4,432.83,1731.32
294,117,209,3,262.74,788.22
295,4,231,2,318.98,637.96
296,655,297,1,23.06,23.06
297,764,97,4,349.74,1398.96
298,793,86,4,111.99,447.96
299,215,98,1,188.28,188.28
300,373,9,3,448.84,1346.52
301,515,64,4,326.21,1304.84
302,467,212,4,179.11,716.44
303,849,278,4,263.97,1055.88
304,784,172,1,463.54,463.54
305,470,220,3,92.56,277.68
306,610,84,4,193.87,775.48
307,866,224,3,352.54,1057.62
308,961,51,1,403.94,403.94
309,107,46,1,310.05,310.05
310,422,54,4,376.22,1504.88
311,639,279,1,318.59,318.59
312,516,298,1,335.52,335.52
313,873,216,2,115.33,230.66
314,466,283,4,61.68,246.72
315,877,241,1,178.55,178.55
316,813,238,4,454.46,1817.84
317,661,203,1,470.11,470.11
318,801,115,3,137.47,412.41
319,675,136,3,420.05,1260.15
320,815,213,2,7.06,14.12
321,931,213,1,12.69,12.69
322,158,192,3,170.87,512.61
323,983,293,4,124.71,498.84
324,997,201,2,310.05,620.1
325,403,27,4,68.79,275.16
326,652,200,2,204.54,409.08
327,326,265,2,221.51,443.02
328,102,65,1,317.56,317.56
329,804,201,3,419.48,1258.44
330,163,166,2,51.16,102.32
331,27,224,1,316.3,316.3
332,608,79,1,310.96,310.96
333,557,41,4,17.52,70.08
334,752,67,4,319.06,1276.24
335,797,184,2,123.66,247.32
336,920,114,3,100.95,302.85
337,861,126,4,386.34,1545.36
338,676,27,3,46.07,138.21
339,148,12,1,59.91,59.91
340,950,63,1,75.21,75.21
341,269,93,1,43.3,43.3
342,865,186,2,198.45,396.9
343,503,12,4,41.42,165.68
344,983,40,2,345.23,690.46
345,385,161,4,405.23,1620.92
346,185,153,1,452.3,452.3
347,676,291,1,63.02,63.02
348,352,178,4,497.48,1989.92
349,615,280,1,83.4,83.4
350,760,131,1,100.46,100.46
351,31,275,1,261.41,261.41
352,780,79,2,434.1,868.2
353,118,112,1,167.13,167.13
354,226,43,2,137.46,274.92
355,494,103,1,177.53,177.53
356,565,151,4,373.87,1495.48
357,508,224,4,461.56,1846.24
358,257,89,2,345.09,690.18
359,909,144,4,55.93,223.72
360,813,160,2,398.08,796.16
361,977,250,4,442.01,1768.04
362,434,140,3,313.34,940.02
363,622,197,4,103.86,415.44
364,362,192,1,227.45,227.45
365,911,18,3,295.5,886.5
366,301,272,3,202.16,606.48
367,118,93,3,217.55,652.65
368,191,184,2,40.96,81.92
369,673,191,3,76.79,230.37
370,322,63,1,162.7,162.7
371,12,169,2,235.36,470.72
372,815,165,2,283.01,566.02
373,395,146,2,265.99,531.98
374,106,288,3,359.55,1078.65
375,969,39,4,342.66,1370.64
376,446,163,3,103.08,309.24
377,51,253,4,28.16,112.64
378,282,216,1,66.43,66.43
379,176,168,4,122.03,488.12
380,22,146,1,323.61,323.61
381,877,295,1,456.26,456.26
382,292,68,4,23.32,93.28
383,547,271,1,172.01,172.01
384,17,36,4,52.08,208.32
385,822,213,3,140.96,422.88
386,772,178,4,44.48,177.92
387,794,161,4,308.1,1232.4
388,403,153,4,249.2,996.8
389,657,63,3,469.16,1407.48
390,106,15,2,28.68,57.36
391,11,72,1,496.8,496.8
392,883,224,2,89.24,178.48
393,196,189,1,467.38,467.38
394,889,27,3,442.24,1326.72
395,45,57,1,473.84,473.84
396,77,136,3,345.52,1036.56
397,811,195,3,350.84,1052.52
398,948,71,4,64.35,257.4
399,327,76,4,320.27,1281.08
400,685,63,2,291.05,582.1
401,678,251,3,164.35,493.05
402,749,248,2,50.44,100.88
403,785,152,1,179.74,179.74
404,856,125,2,349.01,698.02
405,77,254,1,110.18,110.18
406,687,111,4,410.16,1640.64
407,193,250,1,173.52,173.52
408,834,271,3,381.44,1144.32
409,320,233,2,424.66,849.32
410,109,67,2,458.77,917.54
411,395,232,2,391.11,782.22
412,193,36,3,214.43,643.29
413,703,158,1,77.91,77.91
414,898,55,1,124.08,124.08
415,916,236,2,137.04,274.08
416,488,272,4,179.22,716.88
417,122,282,1,180.44,180.44
418,218,78,4,253.58,1014.32
419,521,171,1,223.46,223.46
420,379,51,1,326.07,326.07
421,750,217,2,150.53,301.06
422,413,91,3,267.13,801.39
423,506,266,4,59.05,236.2
424,52,128,1,113.69,113.69
425,55,19,3,123.19,369.57
426,545,52,3,117.1,351.3
427,636,208,4,199.48,797.92
428,226,138,4,106.82,427.28
429,805,105,3,320.27,960.81
430,723,148,1,51.65,51.65
431,516,245,3,427.02,1281.06
432,705,123,2,160.98,321.96
433,72,86,2,169.42,338.84
434,467,73,1,334.69,334.69
435,439,172,1,92.87,92.87
436,271,40,2,341.21,682.42
437,874,5,3,484.92,1454.76
438,598,1,4,437.24,1748.96
439,484,57,1,410.37,410.37
440,581,149,2,265.01,530.02
441,172,76,1,54.5,54.5
442,824,172,4,247.88,991.52
443,360,280,3,333.39,1000.17
444,260,187,4,11.71,46.84
445,362,155,3,446.23,1338.69
446,794,248,1,138.62,138.62
447,532,11,2,489.43,978.86
448,877,113,2,181.81,363.62
449,32,126,4,182.91,731.64
450,763,46,2,460.72,921.44
451,387,56,3,439.19,1317.57
452,696,279,4,493.73,1974.92
453,898,270,2,136.33,272.66
454,696,179,3,198.56,595.68
455,428,142,3,99.33,297.99
456,594,267,3,417.91,1253.73
457,126,222,4,285.5,1142.0
458,812,178,3,59.54,178.62
459,9,256,2,235.83,471.66
460,154,268,3,313.78,941.34
461,681,84,3,245.98,737.94
462,67,151,1,229.66,229.66
463,223,145,1,31.33,31.33
464,314,3,4,179.37,717.48
465,855,1,1,129.46,129.46
466,359,146,2,477.07,954.14
467,731,139,2,497.98,995.96
468,202,222,1,148.95,148.95
469,33,243,3,128.12,384.36
470,695,198,4,202.56,810.24
471,926,51,3,460.5,1381.5
472,612,160,2,284.13,568.26
473,696,166,2,343.24,686.48
474,205,129,2,211.07,422.14
475,205,155,3,47.37,142.11
476,581,237,2,191.1,382.2
477,897,224,1,73.61,73.61
478,453,161,3,236.85,710.55
479,438,239,4,480.92,1923.68
480,473,15,1,478.96,478.96
481,432,46,2,309.53,619.06
482,310,125,3,68.0,204.0
483,557,290,3,31.5,94.5
484,866,202,2,204.46,408.92
485,7,237,4,420.4,1681.6
486,87,29,3,415.8,1247.4
487,666,55,3,299.2,897.6
488,842,149,4,346.84,1387.36
489,886,32,1,371.53,371.53
490,691,262,1,352.28,352.28
491,529,74,4,72.52,290.08
492,917,80,3,315.98,947.94
493,737,4,4,313.71,1254.84
494,206,59,1,5.02,5.02
495,619,62,1,127.37,127.37
496,107,243,1,417.2,417.2
497,455,201,1,463.39,463.39
498,308,208,4,491.43,1965.72
499,840,121,3,411.73,1235.19
500,698,225,1,219.02,219.02
501,652,12,2,75.13,150.26
502,763,124,2,258.2,516.4
503,717,280,2,240.7,481.4
504,297,149,1,479.75,479.75
505,505,189,3,198.64,595.92
506,715,55,4,211.36,845.44
507,436,76,1,145.29,145.29
508,124,289,4,10.45,41.8
509,311,18,4,26.1,104.4
510,929,182,2,236.61,473.22
511,741,235,3,9.51,28.53
512,163,184,2,177.67,355.34
513,724,269,4,258.96,1035.84
514,179,78,3,329.69,989.07
515,577,174,4,359.02,1436.08
516,806,72,3,393.56,1180.68
517,675,156,4,38.76,155.04
518,860,248,4,481.46,1925.84
519,621,93,3,69.06,207.18
520,332,298,3,294.32,882.96
521,850,207,1,27.24,27.24
522,873,82,2,52.79,105.58
523,109,256,4,165.21,660.84
524,238,122,1,450.4,450.4
525,179,197,4,461.58,1846.32
526,64,129,1,23.52,23.52
527,768,38,4,382.86,1531.44
528,622,16,2,163.97,327.94
529,716,231,4,70.94,283.76
530,653,294,2,101.88,203.76
531,503,225,3,116.62,349.86
532,760,83,4,407.85,1631.4
533,829,99,1,293.14,293.14
534,645,50,2,21.45,42.9
535,144,3,3,388.32,1164.96
536,582,280,1,173.65,173.65
537,699,271,4,99.12,396.48
538,213,293,4,252.92,1011.68
539,366,287,2,401.79,803.58
540,450,219,4,437.62,1750.48
541,583,41,2,392.28,784.56
542,306,52,1,251.86,251.86
543,53,277,3,16.16,48.48
544,842,149,3,198.26,594.78
545,367,35,2,484.22,968.44
546,77,274,2,427.33,854.66
547,955,257,3,202.61,607.83
548,59,280,1,293.47,293.47
549,960,135,1,20.98,20.98
550,432,134,2,170.6,341.2
551,784,31,2,106.1,212.2
552,837,169,1,121.63,121.63
553,75,289,1,176.19,176.19
554,73,214,1,444.32,444.32
555,491,67,3,363.05,1089.15
556,107,19,4,256.26,1025.04
557,666,180,4,241.41,965.64
558,801,117,1,465.97,465.97
559,27,101,4,342.56,1370.24
560,756,10,4,30.81,123.24
561,785,194,2,217.71,435.42
562,438,282,2,62.21,124.42
563,121,189,3,100.85,302.55
564,448,30,2,119.86,239.72
565,603,6,2,209.47,418.94
566,771,275,1,495.51,495.51
567,16,128,1,42.92,42.92
568,130,225,2,144.89,289.78
569,322,180,2,499.05,998.1
570,133,204,4,330.5,1322.0
571,673,40,1,128.85,128.85
572,557,106,4,354.1,1416.4
573,833,183,2,224.55,449.1
574,310,188,3,435.14,1305.42
575,251,270,3,162.84,488.52
576,555,258,1,31.73,31.73
577,923,211,4,143.49,573.96
578,209,71,2,155.94,311.88
579,567,108,1,189.33,189.33
580,836,73,1,489.07,489.07
581,716,226,4,476.76,1907.04
582,22,256,1,138.8,138.8
583,603,197,3,414.45,1243.35
584,87,31,3,428.01,1284.03
585,394,254,1,432.07,432.07
586,394,228,1,116.1,116.1
587,389,95,4,268.58,1074.32
588,677,157,1,273.07,273.07
589,357,14,3,461.74,1385.22
590,930,135,2,379.84,759.68
591,350,223,4,392.39,1569.56
592,951,30,1,278.88,278.88
593,976,148,4,214.8,859.2
594,737,291,3,85.46,256.38
595,391,240,2,70.28,140.56
596,16,144,3,47.34,142.02
597,256,278,3,172.08,516.24
598,405,20,3,184.04,552.12
599,676,129,1,66.53,66.53
600,583,165,3,424.56,1273.68
601,455,237,1,222.76,222.76
602,478,19,3,242.7,728.1
603,865,285,2,207.26,414.52
604,594,41,3,449.04,1347.12
605,565,161,1,223.02,223.02
606,265,142,3,435.18,1305.54
607,131,117,2,77.72,155.44
608,633,26,2,61.65,123.3
609,40,95,4,292.05,1168.2
610,43,284,2,35.1,70.2
611,732,133,3,12.98,38.94
612,866,181,1,302.29,302.29
613,359,56,1,255.93,255.93
614,116,262,1,122.3,122.3
615,334,293,3,415.42,1246.26
616,698,213,1,322.73,322.73
617,897,145,2,17.22,34.44
618,622,185,3,487.67,1463.01
619,919,192,4,471.53,1886.12
620,302,16,2,187.31,374.62
621,298,77,1,57.58,57.58
622,217,161,3,470.27,1410.81
623,388,299,1,330.24,330.24
624,154,196,1,477.81,477.81
625,982,115,4,271.79,1087.16
626,125,271,1,305.52,305.52
627,676,269,4,161.88,647.52
628,200,295,3,455.98,1367.94
629,337,125,3,119.29,357.87
630,323,60,2,225.28,450.56
631,981,210,3,44.45,133.35
632,574,259,1,457.74,457.74
633,670,248,2,227.24,454.48
634,429,118,2,463.23,926.46
635,251,209,2,304.75,609.5
636,815,147,3,160.35,481.05
637,84,210,4,254.99,1019.96
638,152,295,4,318.15,1272.6
639,792,102,2,438.82,877.64
640,16,86,1,212.22,212.22
641,784,284,4,372.71,1490.84
642,130,18,4,16.85,67.4
643,171,38,2,259.87,519.74
644,543,199,4,180.41,721.64
645,412,286,2,357.43,714.86
646,122,173,3,297.78,893.34
647,632,56,1,41.51,41.51
648,943,182,4,455.78,1823.12
649,646,231,4,148.2,592.8
650,489,69,2,363.24,726.48
651,604,261,1,80.37,80.37
652,8,190,4,192.79,771.16
653,450,91,3,472.66,1417.98
654,100,119,3,249.18,747.54
655,50,289,4,146.2,584.8
656,394,164,2,476.99,953.98
657,43,108,4,261.97,1047.88
658,589,161,1,176.94,176.94
659,170,61,3,140.56,421.68
660,450,115,2,147.8,295.6
661,940,133,1,462.64,462.64
662,683,143,2,52.51,105.02
663,566,261,2,18.54,37.08
664,925,21,2,8.3,16.6
665,853,14,3,105.55,316.65
666,965,293,4,367.38,1469.52
667,534,65,4,151.0,604.0
668,113,62,4,445.0,1780.0
669,506,135,1,432.93,432.93
670,286,60,3,402.8,1208.4
671,763,114,1,166.92,166.92
672,520,172,3,229.46,688.38
673,754,263,1,354.87,354.87
674,323,20,4,54.72,218.88
675,723,267,3,99.25,297.75
676,572,19,1,126.73,126.73
677,601,193,2,338.31,676.62
678,272,241,2,244.83,489.66
679,192,255,3,70.24,210.72
680,651,46,2,6.58,13.16
681,69,252,2,356.45,712.9
682,40,215,3,308.62,925.86
683,647,299,2,320.67,641.34
684,496,272,2,439.56,879.12
685,861,119,3,335.65,1006.95
686,502,201,3,273.99,821.97
687,303,50,2,60.62,121.24
688,903,148,4,484.83,1939.32
689,334,127,4,62.33,249.32
690,476,164,1,177.05,177.05
691,408,66,4,420.86,1683.44
692,885,251,4,345.17,1380.68
693,30,149,3,256.21,768.63
694,912,210,1,283.32,283.32
695,331,134,3,208.56,625.68
696,829,227,4,202.35,809.4
697,935,28,3,245.33,735.99
698,225,174,1,157.71,157.71
699,420,114,2,270.33,540.66
700,799,57,3,68.96,206.88
701,553,11,1,402.19,402.19
702,93,171,3,384.59,1153.77
703,567,33,1,261.73,261.73
704,371,275,2,492.68,985.36
705,859,275,4,430.56,1722.24
706,235,149,2,455.77,911.54
707,340,212,2,278.71,557.42
708,255,7,1,423.51,423.51
709,774,270,1,253.24,253.24
710,811,249,1,82.69,82.69
711,309,13,2,317.62,635.24
712,705,127,1,139.87,139.87
713,127,194,4,69.94,279.76
714,759,139,1,42.88,42.88
715,517,213,1,12.3,12.3
716,851,278,2,52.3,104.6
717,603,201,2,416.58,833.16
718,880,160,3,215.45,646.35
719,762,12,3,140.65,421.95
720,208,52,3,484.78,1454.34
721,591,242,4,149.16,596.64
722,96,114,4,282.69,1130.76
723,495,146,2,194.29,388.58
724,509,202,3,382.54,1147.62
725,732,56,4,115.91,463.64
726,999,13,4,386.75,1547.0
727,458,190,4,283.76,1135.04
728,659,160,3,76.17,228.51
729,646,43,1,282.64,282.64
730,213,251,2,46.52,93.04
731,413,243,2,34.17,68.34
732,506,130,4,159.17,636.68
733,346,78,1,164.11,164.11
734,579,209,1,137.73,137.73
735,215,288,4,275.07,1100.28
736,321,121,3,233.38,700.14
737,495,264,1,461.01,461.01
738,436,40,4,68.0,272.0
739,14,83,1,87.27,87.27
740,449,59,1,443.32,443.32
741,508,88,4,74.23,296.92
742,896,281,4,202.71,810.84
743,304,61,4,497.89,1991.56
744,738,139,3,309.47,928.41
745,381,289,2,75.05,150.1
746,536,105,3,262.09,786.27
747,258,242,4,109.26,437.04
748,339,70,2,264.57,529.14
749,850,243,1,162.26,162.26
750,184,77,4,38.19,152.76
751,6,160,2,103.64,207.28
752,97,276,4,168.86,675.44
753,63,240,2,38.05,76.1
754,652,287,2,175.75,351.5
755,15,99,3,145.67,437.01
756,934,219,3,186.8,560.4
757,786,207,3,282.75,848.25
758,657,104,1,298.36,298.36
759,106,111,3,93.27,279.81
760,578,53,2,399.46,798.92
761,602,197,3,289.95,869.85
762,874,142,4,108.61,434.44
763,3,119,2,50.21,100.42
764,823,76,2,86.59,173.18
765,896,1,3,43.5,130.5
766,994,27,2,258.29,516.58
767,451,218,4,166.91,667.64
768,513,61,2,282.27,564.54
769,387,198,4,180.72,722.88
770,859,268,3,267.69,803.07
771,905,110,2,473.02,946.04
772,854,143,2,420.74,841.48
773,574,227,4,349.07,1396.28
774,257,62,4,327.79,1311.16
775,183,13,3,428.41,1285.23
776,790,178,4,110.82,443.28
777,574,98,4,190.23,760.92
778,956,6,2,223.83,447.66
779,539,100,1,295.16,295.16
780,337,49,3,458.32,1374.96
781,515,7,3,21.6,64.8
782,282,246,4,26.74,106.96
783,713,130,3,314.51,943.53
784,995,293,1,432.28,432.28
785,950,242,4,247.7,990.8
786,485,280,1,23.91,23.91
787,30,79,2,436.1,872.2
788,135,43,4,417.86,1671.44
789,123,29,4,320.55,1282.2
790,64,161,1,429.66,429.66
791,285,100,1,169.67,169.67
792,689,163,2,453.33,906.66
793,601,188,1,470.57,470.57
794,413,214,1,37.15,37.15
795,845,257,2,365.83,731.66
796,86,89,4,27.03,108.12
797,624,102,4,90.62,362.48
798,765,2,3,140.51,421.53
799,360,61,3,235.79,707.37
800,857,45,4,48.64,194.56
801,941,47,2,366.13,732.26
802,191,163,1,384.53,384.53
803,808,6,2,320.78,641.56
804,472,42,2,157.35,314.7
805,698,98,2,158.69,317.38
806,389,147,2,143.09,286.18
807,579,162,4,116.85,467.4
808,193,140,2,92.67,185.34
809,303,133,4,135.95,543.8
810,502,182,3,177.69,533.07
811,658,268,4,415.6,1662.4
812,704,88,1,475.08,475.08
813,600,198,2,271.28,542.56
814,216,223,3,324.77,974.31
815,699,148,2,174.38,348.76
816,992,258,3,49.92,149.76
817,792,108,3,113.04,339.12
818,268,17,1,260.93,260.93
819,647,96,4,74.21,296.84
820,601,166,3,284.07,852.21
821,675,18,3,352.14,1056.42
822,645,184,1,83.58,83.58
823,487,172,3,325.7,977.1
824,103,96,3,156.61,469.83
825,479,280,2,377.26,754.52
826,450,234,4,366.82,1467.28
827,485,125,3,363.07,1089.21
828,616,173,4,340.89,1363.56
829,308,21,2,382.77,765.54
830,923,260,1,213.39,213.39
831,793,138,4,298.57,1194.28
832,168,263,2,461.57,923.14
833,908,269,2,475.99,951.98
834,582,72,2,333.39,666.78
835,808,28,1,158.09,158.09
836,785,73,3,232.06,696.18
837,170,236,1,331.01,331.01
838,206,89,3,157.23,471.69
839,190,121,2,221.09,442.18
840,742,126,2,343.93,687.86
841,866,192,1,241.29,241.29
842,353,52,4,277.17,1108.68
843,404,109,4,335.88,1343.52
844,852,238,2,382.71,765.42
845,99,199,2,162.59,325.18
846,958,69,4,387.76,1551.04
847,920,145,4,300.48,1201.92
848,547,37,3,246.71,740.13
849,759,14,2,443.37,886.74
850,183,121,3,184.33,552.99
851,514,1,4,457.72,1830.88
852,662,118,2,252.48,504.96
853,46,109,3,220.52,661.56
854,348,197,2,215.73,431.46
855,292,160,4,339.26,1357.04
856,493,18,3,479.46,1438.38
857,432,92,2,202.12,404.24
858,530,55,4,404.08,1616.32
859,355,52,4,402.76,1611.04
860,13,83,3,68.73,206.19
861,520,197,4,10.74,42.96
862,670,206,4,386.82,1547.28
863,311,218,3,372.32,1116.96
864,119,231,3,391.6,1174.8
865,730,172,3,60.28,180.84
866,184,218,4,435.81,1743.24
867,82,77,1,171.87,171.87
868,957,133,2,259.87,519.74
869,630,233,4,29.03,116.12
870,289,21,1,434.61,434.61
871,472,188,1,445.14,445.14
872,703,190,3,215.72,647.16
873,692,152,1,273.66,273.66
874,184,151,3,211.44,634.32
875,458,167,3,319.81,959.43
876,611,58,3,367.29,1101.87
877,545,203,2,91.74,183.48
878,548,49,2,364.76,729.52
879,649,253,4,446.89,1787.56
880,354,235,2,459.79,919.58
881,926,269,4,25.12,100.48
882,335,191,1,77.64,77.64
883,742,52,4,258.75,1035.0
884,743,41,3,464.08,1392.24
885,768,155,4,203.37,813.48
886,189,132,1,419.24,419.24
887,444,60,2,287.59,575.18
888,311,264,2,348.66,697.32
889,51,192,4,111.53,446.12
890,958,224,3,374.7,1124.1
891,797,96,3,253.27,759.81
892,47,205,2,340.71,681.42
893,280,3,4,107.53,430.12
894,801,213,2,141.01,282.02
895,474,163,1,114.56,114.56
896,19,167,2,36.54,73.08
897,295,236,4,319.21,1276.84
898,337,278,4,240.42,961.68
899,572,7,3,173.6,520.8
900,355,228,2,233.66,467.32
901,761,256,2,268.46,536.92
902,175,200,3,204.45,613.35
903,677,293,1,317.54,317.54
904,575,177,1,107.74,107.74
905,543,190,3,149.45,448.35
906,323,232,4,19.63,78.52
907,640,300,2,314.01,628.02
908,579,221,4,497.93,1991.72
909,24,146,4,494.89,1979.56
910,385,276,2,192.32,384.64
911,972,64,1,200.9,200.9
912,217,57,3,93.42,280.26
913,163,206,4,179.25,717.0
914,223,215,3,163.1,489.3
915,372,55,3,253.64,760.92
916,546,201,2,430.23,860.46
917,507,238,3,413.94,1241.82
918,461,81,2,203.03,406.06
919,4,273,3,382.65,1147.95
920,672,89,1,194.76,194.76
921,669,215,4,208.1,832.4
922,652,15,2,73.59,147.18
923,635,258,1,301.79,301.79
924,750,210,1,165.89,165.89
925,256,86,4,343.76,1375.04
926,975,190,1,372.77,372.77
927,905,200,2,425.9,851.8
928,166,235,3,362.91,1088.73
929,246,90,4,468.88,1875.52
930,944,103,3,70.66,211.98
931,67,16,2,290.91,581.82
932,471,126,4,494.91,1979.64
933,816,91,4,252.61,1010.44
934,114,170,2,126.21,252.42
935,740,36,1,375.56,375.56
936,699,209,4,431.77,1727.08
937,73,214,3,442.26,1326.78
938,551,62,1,222.07,222.07
939,848,31,3,406.77,1220.31
940,849,21,3,202.72,608.16
941,950,262,4,217.15,868.6
942,128,54,2,424.3,848.6
943,777,297,1,362.39,362.39
944,376,212,3,75.27,225.81
945,249,248,2,135.93,271.86
946,338,38,4,450.1,1800.4
947,504,126,3,174.51,523.53
948,706,228,3,394.75,1184.25
949,717,133,3,299.24,897.72
950,780,72,2,263.28,526.56
951,27,114,3,283.95,851.85
952,731,150,3,472.67,1418.01
953,163,291,3,240.27,720.81
954,451,151,2,373.15,746.3
955,712,66,2,305.69,611.38
956,880,197,3,320.2,960.6
957,29,109,3,78.44,235.32
958,13,133,3,361.96,1085.88
959,764,265,4,241.1,964.4
960,922,88,3,323.71,971.13
961,602,257,3,264.05,792.15
962,388,249,2,436.04,872.08
963,494,90,4,449.08,1796.32
964,15,34,3,116.29,348.87
965,212,115,2,142.77,285.54
966,797,62,2,181.47,362.94
967,471,292,1,420.79,420.79
968,867,269,2,371.98,743.96
969,373,17,4,315.07,1260.28
970,975,169,1,139.38,139.38
971,985,274,1,485.37,485.37
972,58,229,2,126.12,252.24
973,817,94,2,118.03,236.06
974,735,234,2,24.92,49.84
975,624,137,3,50.22,150.66
976,195,33,2,263.67,527.34
977,63,107,2,125.75,251.5
978,780,298,4,234.81,939.24
979,550,27,3,396.06,1188.18
980,75,101,4,62.62,250.48
981,86,244,2,54.44,108.88
982,604,111,4,153.48,613.92
983,10,298,4,431.26,1725.04
984,115,227,2,296.52,593.04
985,651,234,1,129.62,129.62
986,417,139,4,317.41,1269.64
987,337,260,4,259.53,1038.12
988,975,154,3,434.29,1302.87
989,255,175,3,340.53,1021.59
990,516,159,4,60.18,240.72
991,775,94,4,8.23,32.92
992,915,261,4,250.42,1001.68
993,184,34,4,338.12,1352.48
994,97,227,3,320.75,962.25
995,552,94,2,390.5,781.0
996,782,119,2,157.06,314.12
997,313,164,4,55.94,223.76
998,308,108,2,165.26,330.52
999,197,203,2,426.92,853.84
1000,625,81,3,478.57,1435.71
1001,486,214,3,118.22,354.66
1002,270,242,3,188.54,565.62
1003,314,171,3,415.47,1246.41
1004,323,231,3,215.52,646.56
1005,403,214,1,382.3,382.3
1006,414,29,4,180.04,720.16
1007,825,72,4,384.69,1538.76
1008,20,104,2,332.72,665.44
1009,263,151,3,16.72,50.16
1010,438,196,3,281.24,843.72
1011,757,103,2,310.69,621.38
1012,451,141,1,41.84,41.84
1013,165,167,4,471.04,1884.16
1014,608,241,1,391.71,391.71
1015,400,250,2,143.67,287.34
1016,622,193,1,55.21,55.21
1017,655,176,3,271.26,813.78
1018,449,146,1,238.56,238.56
1019,902,38,3,488.7,1466.1
1020,751,212,2,437.61,875.22
1021,604,154,2,283.11,566.22
1022,449,126,3,288.5,865.5
1023,782,134,3,346.34,1039.02
1024,144,35,3,478.81,1436.43
1025,370,229,2,96.15,192.3
1026,480,117,4,184.29,737.16
1027,204,133,3,303.79,911.37
1028,956,12,2,64.0,128.0
1029,421,219,4,404.0,1616.0
1030,818,25,1,456.93,456.93
1031,525,192,1,285.03,285.03
1032,33,259,3,396.12,1188.36
1033,504,145,3,319.02,957.06
1034,753,39,1,487.24,487.24
1035,800,58,2,400.3,800.6
1036,867,45,4,306.97,1227.88
1037,196,38,4,409.79,1639.16
1038,477,232,2,326.97,653.94
1039,75,94,3,229.75,689.25
1040,800,222,1,203.73,203.73
1041,301,4,4,14.34,57.36
1042,231,166,4,79.49,317.96
1043,877,115,3,268.52,805.56
1044,670,103,3,447.16,1341.48
1045,733,296,2,98.48,196.96
1046,152,106,3,94.89,284.67
1047,27,274,1,390.83,390.83
1048,554,179,1,167.09,167.09
1049,323,118,2,104.84,209.68
1050,168,218,3,120.32,360.96
1051,942,112,3,18.51,55.53
1052,899,226,1,417.91,417.91
1053,385,14,4,434.43,1737.72
1054,875,107,4,29.36,117.44
1055,450,205,2,106.79,213.58
1056,390,64,1,484.78,484.78
1057,519,297,1,85.63,85.63
1058,215,62,4,371.62,1486.48
1059,367,163,4,99.54,398.16
1060,93,260,3,241.6,724.8
1061,521,58,4,12.99,51.96
1062,390,216,4,480.98,1923.92
1063,103,182,3,473.14,1419.42
1064,857,34,4,473.24,1892.96
1065,668,154,2,499.85,999.7
1066,87,200,4,12.85,51.4
1067,988,141,3,27.46,82.38
1068,868,128,2,284.47,568.94
1069,132,266,2,74.41,148.82
1070,482,20,1,300.12,300.12
1071,215,151,3,310.69,932.07
1072,844,81,4,90.35,361.4
1073,959,266,2,372.27,744.54
1074,830,93,3,440.14,1320.42
1075,113,84,1,251.29,251.29
1076,314,207,3,454.95,1364.85
1077,272,165,1,392.72,392.72
1078,340,15,4,21.94,87.76
1079,893,74,4,28.02,112.08
1080,387,269,2,83.3,166.6
1081,16,179,2,50.6,101.2
1082,68,58,4,234.89,939.56
1083,426,275,4,71.53,286.12
1084,618,1,3,240.74,722.22
1085,922,132,2,164.82,329.64
1086,553,188,1,241.51,241.51
1087,767,293,2,67.29,134.58
1088,528,67,2,116.65,233.3
1089,85,49,4,144.74,578.96
1090,630,54,2,116.98,233.96
1091,190,155,3,356.68,1070.04
1092,474,267,3,381.15,1143.45
1093,135,168,4,190.51,762.04
1094,149,297,1,375.23,375.23
1095,819,198,1,398.13,398.13
1096,187,8,2,319.14,638.28
1097,856,122,2,201.4,402.8
1098,12,293,4,244.5,978.0
1099,353,97,4,228.79,915.16
1100,220,233,3,275.21,825.63
1101,121,144,3,171.94,515.82
1102,914,96,3,173.79,521.37
1103,893,250,4,333.31,1333.24
1104,685,176,3,36.24,108.72
1105,375,219,1,482.55,482.55
1106,130,49,2,487.67,975.34
1107,850,57,1,277.48,277.48
1108,303,65,3,156.98,470.94
1109,447,284,1,483.31,483.31
1110,996,259,2,201.79,403.58
1111,964,262,2,75.15,150.3
1112,697,114,1,103.35,103.35
1113,763,182,2,283.63,567.26
1114,544,269,1,401.13,401.13
1115,372,277,2,348.38,696.76
1116,544,86,3,83.58,250.74
1117,697,85,2,422.4,844.8
1118,770,78,4,429.86,1719.44
1119,286,26,4,151.77,607.08
1120,923,268,4,447.4,1789.6
1121,480,165,2,362.17,724.34
1122,308,1,1,129.41,129.41
1123,570,160,2,461.91,923.82
1124,628,35,1,378.81,378.81
1125,144,74,4,412.11,1648.44
1126,783,125,4,394.22,1576.88
1127,662,215,4,297.75,1191.0
1128,255,180,1,117.02,117.02
1129,972,142,2,446.86,893.72
1130,127,300,2,106.89,213.78
1131,146,142,3,10.33,30.99
1132,121,267,3,264.5,793.5
1133,791,242,2,331.91,663.82
1134,306,64,4,81.07,324.28
1135,902,175,3,475.0,1425.0
1136,42,196,3,60.85,182.55
1137,478,219,2,438.74,877.48
1138,709,250,3,116.19,348.57
1139,106,46,3,124.44,373.32
1140,871,254,4,213.73,854.92
1141,654,54,3,421.95,1265.85
1142,751,142,3,321.93,965.79
1143,337,215,3,491.63,1474.89
1144,86,7,1,357.98,357.98
1145,498,125,4,114.59,458.36
1146,445,137,1,498.66,498.66
1147,847,250,4,305.28,1221.12
1148,892,196,1,302.82,302.82
1149,605,51,1,63.15,63.15
1150,783,123,3,292.16,876.48
1151,727,216,4,360.55,1442.2
1152,41,178,4,426.86,1707.44
1153,588,268,1,470.4,470.4
1154,833,222,1,111.94,111.94
1155,186,13,3,53.91,161.73
1156,943,212,1,365.88,365.88
1157,870,130,3,410.09,1230.27
1158,353,181,2,141.93,283.86
1159,803,25,3,231.81,695.43
1160,651,135,2,108.64,217.28
1161,790,281,3,371.65,1114.95
1162,772,179,2,423.14,846.28
1163,878,46,3,179.14,537.42
1164,552,117,3,415.2,1245.6
1165,104,47,4,159.9,639.6
1166,510,96,4,105.06,420.24
1167,877,249,3,171.82,515.46
1168,449,186,2,479.86,959.72
1169,331,9,1,98.95,98.95
1170,318,260,3,379.6,1138.8
1171,552,92,4,311.14,1244.56
1172,78,102,1,49.82,49.82
1173,613,208,3,77.15,231.45
1174,349,273,3,201.39,604.17
1175,944,198,1,423.28,423.28
1176,754,151,1,165.3,165.3
1177,231,227,1,126.72,126.72
1178,159,141,1,249.77,249.77
1179,854,113,2,438.19,876.38
1180,451,111,2,11.15,22.3
1181,250,11,4,419.78,1679.12
1182,425,285,2,209.1,418.2
1183,869,266,4,315.49,1261.96
1184,910,199,3,354.84,1064.52
1185,373,135,4,188.26,753.04
1186,922,121,3,272.48,817.44
1187,79,69,3,430.67,1292.01
1188,720,127,2,52.83,105.66
1189,940,260,4,270.0,1080.0
1190,108,117,3,360.19,1080.57
1191,661,284,2,235.32,470.64
1192,589,28,4,311.31,1245.24
1193,510,224,1,476.82,476.82
1194,176,12,4,281.7,1126.8
1195,59,178,4,434.45,1737.8
1196,152,33,3,37.38,112.14
1197,737,142,3,473.94,1421.82
1198,746,15,4,218.26,873.04
1199,783,69,4,111.53,446.12
1200,463,159,3,168.61,505.83
1201,584,261,4,76.4,305.6
1202,553,162,1,485.59,485.59
1203,55,184,1,388.44,388.44
1204,73,33,4,366.54,1466.16
1205,751,100,2,489.99,979.98
1206,793,92,2,19.6,39.2
1207,952,254,1,169.24,169.24
1208,97,207,4,403.43,1613.72
1209,391,243,2,424.4,848.8
1210,188,50,3,180.8,542.4
1211,725,221,3,252.34,757.02
1212,189,134,4,104.3,417.2
1213,360,42,3,228.61,685.83
1214,97,269,3,15.1,45.3
1215,621,32,1,342.94,342.94
1216,98,87,1,481.98,481.98
1217,542,7,1,166.8,166.8
1218,314,15,3,430.38,1291.14
1219,979,89,2,320.06,640.12
1220,511,94,2,488.01,976.02
1221,100,80,3,289.12,867.36
1222,913,226,2,256.13,512.26
1223,834,228,1,312.93,312.93
1224,958,276,1,404.57,404.57
1225,320,150,1,177.78,177.78
1226,185,266,2,450.61,901.22
1227,510,99,2,498.68,997.36
1228,943,173,4,464.66,1858.64
1229,562,200,4,472.29,1889.16
1230,685,284,1,172.48,172.48
1231,375,73,2,480.39,960.78
1232,503,97,4,25.59,102.36
1233,61,246,1,424.65,424.65
1234,94,165,4,379.68,1518.72
1235,659,103,3,163.56,490.68
1236,459,102,3,472.4,1417.2
1237,437,207,4,191.65,766.6
1238,503,13,4,56.64,226.56
1239,575,248,4,156.42,625.68
1240,806,148,1,266.14,266.14
1241,43,97,1,157.02,157.02
1242,602,293,2,322.26,644.52
1243,757,25,1,28.37,28.37
1244,311,198,2,179.12,358.24
1245,551,27,4,370.58,1482.32
1246,537,92,3,342.16,1026.48
1247,46,110,1,231.33,231.33
1248,191,114,3,41.12,123.36
1249,209,254,2,287.72,575.44
1250,628,8,1,461.43,461.43
1251,211,60,3,7.35,22.05
1252,247,170,2,493.61,987.22
1253,847,117,3,459.2,1377.6
1254,412,23,2,75.13,150.26
1255,253,133,4,341.8,1367.2
1256,728,159,2,470.44,940.88
1257,670,140,4,346.69,1386.76
1258,426,212,4,142.65,570.6
1259,923,98,4,130.45,521.8
1260,11,203,1,349.52,349.52
1261,460,66,2,39.91,79.82
1262,118,60,2,451.6,903.2
1263,501,35,2,270.79,541.58
1264,172,132,4,145.98,583.92
1265,294,146,3,58.7,176.1
1266,123,203,2,475.35,950.7
1267,569,255,2,67.92,135.84
1268,37,241,4,59.13,236.52
1269,235,20,4,96.32,385.28
1270,781,35,2,220.79,441.58
1271,380,225,2,223.8,447.6
1272,788,22,2,385.43,770.86
1273,743,163,1,286.56,286.56
1274,972,79,3,430.45,1291.35
1275,257,90,3,233.71,701.13
1276,924,29,4,193.12,772.48
1277,970,150,1,116.49,116.49
1278,643,100,3,330.72,992.16
1279,450,13,4,39.34,157.36
1280,252,271,3,280.64,841.92
1281,147,281,3,33.07,99.21
1282,702,34,4,261.43,1045.72
1283,18,87,3,188.33,564.99
1284,147,54,2,7.92,15.84
1285,4,289,1,407.78,407.78
1286,788,291,1,429.22,429.22
1287,781,19,1,14.8,14.8
1288,844,244,4,144.82,579.28
1289,631,199,4,455.57,1822.28
1290,244,252,3,175.85,527.55
1291,652,233,4,460.12,1840.48
1292,157,233,3,115.8,347.4
1293,294,90,4,499.57,1998.28
1294,904,83,3,371.3,1113.9
1295,443,154,2,26.06,52.12
1296,421,278,2,493.81,987.62
1297,129,181,2,471.23,942.46
1298,432,214,4,368.06,1472.24
1299,455,199,4,184.96,739.84
1300,334,205,2,363.04,726.08
1301,211,126,2,357.73,715.46
1302,583,100,3,450.68,1352.04
1303,562,210,3,323.78,971.34
1304,219,202,2,237.77,475.54
1305,556,232,3,452.81,1358.43
1306,979,212,1,103.71,103.71
1307,346,283,2,331.53,663.06
1308,960,265,4,94.26,377.04
1309,454,13,2,196.06,392.12
1310,684,89,3,491.9,1475.7
1311,697,289,2,322.41,644.82
1312,589,102,2,208.59,417.18
1313,480,126,2,382.5,765.0
1314,499,162,1,339.71,339.71
1315,806,34,1,15.63,15.63
1316,943,28,3,427.04,1281.12
1317,321,183,2,373.07,746.14
1318,981,110,3,421.14,1263.42
1319,372,162,4,240.17,960.68
1320,721,90,3,155.1,465.3
1321,822,288,2,450.9,901.8
1322,156,84,4,63.63,254.52
1323,933,210,2,283.02,566.04
1324,644,241,3,346.53,1039.59
1325,926,128,1,333.62,333.62
1326,151,228,1,379.06,379.06
1327,139,196,4,192.79,771.16
1328,175,11,3,465.82,1397.46
1329,599,293,2,226.43,452.86
1330,21,252,3,443.37,1330.11
1331,88,190,1,92.73,92.73
1332,640,154,4,458.8,1835.2
1333,114,101,3,149.71,449.13
1334,812,43,3,303.39,910.17
1335,819,254,1,312.82,312.82
1336,605,214,2,185.78,371.56
1337,259,99,3,491.11,1473.33
1338,926,13,4,162.69,650.76
1339,171,27,2,351.75,703.5
1340,270,230,4,172.07,688.28
1341,280,235,1,169.79,169.79
1342,33,67,1,368.65,368.65
1343,20,155,4,103.82,415.28
1344,482,195,4,22.81,91.24
1345,689,139,4,171.14,684.56
1346,823,263,4,206.56,826.24
1347,351,68,3,360.96,1082.88
1348,566,99,4,144.41,577.64
1349,86,231,1,403.71,403.71
1350,936,164,1,16.39,16.39
1351,132,55,2,41.84,83.68
1352,383,34,2,288.09,576.18
1353,243,45,1,9.77,9.77
1354,14,175,1,82.34,82.34
1355,642,236,3,394.14,1182.42
1356,109,63,1,353.55,353.55
1357,205,42,2,50.39,100.78
1358,975,47,1,219.32,219.32
1359,703,120,2,29.75,59.5
1360,82,199,3,314.6,943.8
1361,198,244,2,355.58,711.16
1362,508,96,4,147.59,590.36
1363,693,32,4,96.54,386.16
1364,7,41,2,487.22,974.44
1365,270,74,2,351.48,702.96
1366,720,39,2,97.59,195.18
1367,330,117,2,200.36,400.72
1368,857,152,4,255.79,1023.16
1369,293,112,4,129.22,516.88
1370,354,124,1,329.15,329.15
1371,992,129,3,378.38,1135.14
1372,67,32,1,249.49,249.49
1373,925,31,4,44.58,178.32
1374,783,229,1,488.7,488.7
1375,691,46,3,296.13,888.39
1376,939,186,1,286.75,286.75
1377,745,164,4,182.27,729.08
1378,831,246,3,252.35,757.05
1379,782,251,3,275.23,825.69
1380,763,98,2,295.68,591.36
1381,44,181,4,235.15,940.6
1382,473,167,4,234.49,937.96
1383,921,238,4,80.58,322.32
1384,756,198,4,475.07,1900.28
1385,895,72,3,193.82,581.46
1386,892,77,4,186.03,744.12
1387,445,89,2,298.5,597.0
1388,189,112,1,13.11,13.11
1389,484,77,3,171.97,515.91
1390,23,255,4,83.37,333.48
1391,850,282,3,117.73,353.19
1392,499,256,4,220.38,881.52
1393,873,82,4,484.7,1938.8
1394,62,181,1,38.12,38.12
1395,332,245,3,75.03,225.09
1396,532,254,2,211.09,422.18
1397,14,158,2,172.6,345.2
1398,319,220,1,301.56,301.56
1399,543,145,3,363.75,1091.25
1400,827,66,3,284.84,854.52
1401,485,33,1,226.3,226.3
1402,428,127,2,472.57,945.14
1403,705,120,3,318.77,956.31
1404,924,244,3,279.72,839.16
1405,592,170,2,451.42,902.84
1406,989,165,2,355.51,711.02
1407,625,122,2,246.85,493.7
1408,482,10,3,257.93,773.79
1409,98,197,2,313.69,627.38
1410,84,271,4,234.03,936.12
1411,923,137,1,227.5,227.5
1412,797,99,3,357.39,1072.17
1413,373,31,4,127.06,508.24
1414,649,2,3,181.3,543.9
1415,636,248,2,392.92,785.84
1416,980,164,4,492.72,1970.88
1417,620,275,2,412.95,825.9
1418,662,97,1,151.33,151.33
1419,63,100,3,127.87,383.61
1420,386,217,1,152.6,152.6
1421,210,74,3,17.52,52.56
1422,668,216,1,187.47,187.47
1423,795,76,4,314.82,1259.28
1424,569,81,4,380.44,1521.76
1425,111,141,4,141.59,566.36
1426,724,233,3,85.64,256.92
1427,132,166,1,66.34,66.34
1428,889,168,4,187.57,750.28
1429,323,193,1,316.3,316.3
1430,662,166,4,93.11,372.44
1431,628,18,3,165.39,496.17
1432,775,292,1,442.21,442.21
1433,58,68,4,36.62,146.48
1434,70,72,2,55.62,111.24
1435,168,121,1,378.56,378.56
1436,996,183,3,45.17,135.51
1437,352,36,4,203.28,813.12
1438,64,269,4,322.7,1290.8
1439,406,80,1,408.11,408.11
1440,460,82,1,382.57,382.57
1441,890,134,2,123.44,246.88
1442,661,286,1,30.98,30.98
1443,864,116,4,25.99,103.96
1444,225,120,2,477.44,954.88
1445,141,257,3,164.86,494.58
1446,775,203,1,257.57,257.57
1447,297,253,1,336.47,336.47
1448,714,213,1,24.86,24.86
1449,604,19,2,118.61,237.22
1450,504,4,3,352.4,1057.2
1451,596,189,2,201.6,403.2
1452,156,275,1,458.02,458.02
1453,763,145,3,280.35,841.05
1454,524,199,2,418.24,836.48
1455,773,132,3,101.91,305.73
1456,920,134,4,63.99,255.96
1457,293,232,1,225.54,225.54
1458,991,263,4,106.27,425.08
1459,116,22,4,403.29,1613.16
1460,761,106,2,381.08,762.16
1461,754,153,2,443.89,887.78
1462,838,156,3,234.57,703.71
1463,664,118,3,112.32,336.96
1464,25,159,1,112.13,112.13
1465,186,171,2,252.3,504.6
1466,738,199,3,231.65,694.95
1467,401,85,4,242.69,970.76
1468,612,147,2,43.45,86.9
1469,110,1,1,311.54,311.54
1470,878,6,3,465.43,1396.29
1471,311,228,4,365.73,1462.92
1472,985,82,1,31.5,31.5
1473,221,98,4,372.21,1488.84
1474,382,39,3,211.66,634.98
1475,23,153,1,449.77,449.77
1476,310,73,3,231.18,693.54
1477,955,105,1,460.11,460.11
1478,763,16,4,91.42,365.68
1479,116,45,2,230.35,460.7
1480,908,297,3,138.68,416.04
1481,720,289,4,36.33,145.32
1482,709,79,2,37.25,74.5
1483,695,194,1,23.39,23.39
1484,443,239,4,91.64,366.56
1485,14,296,1,330.02,330.02
1486,983,144,3,360.84,1082.52
1487,208,137,1,337.27,337.27
1488,987,97,2,346.39,692.78
1489,830,1,1,437.39,437.39
1490,856,223,4,397.02,1588.08
1491,733,25,3,185.2,555.6
1492,613,189,4,411.25,1645.0
1493,558,84,3,331.01,993.03
1494,381,283,2,163.75,327.5
1495,655,178,4,91.11,364.44
1496,412,191,4,491.84,1967.36
1497,786,150,2,408.04,816.08
1498,770,254,4,183.36,733.44
1499,443,45,3,442.96,1328.88
1500,341,184,4,228.13,912.52
1501,553,85,1,175.01,175.01
1502,941,75,3,272.4,817.2
1503,852,82,2,488.73,977.46
1504,812,106,4,45.46,181.84
1505,430,58,1,262.19,262.19
1506,590,3,3,467.58,1402.74
1507,681,85,2,343.59,687.18
1508,807,172,4,62.88,251.52
1509,750,192,4,263.94,1055.76
1510,840,202,2,290.62,581.24
1511,768,209,1,116.78,116.78
1512,660,233,2,418.0,836.0
1513,917,97,1,447.13,447.13
1514,993,259,1,250.13,250.13
1515,938,37,3,124.71,374.13
1516,416,156,2,273.27,546.54
1517,99,98,1,13.03,13.03
1518,303,62,2,96.93,193.86
1519,795,37,1,130.45,130.45
1520,974,61,4,472.71,1890.84
1521,678,207,1,350.42,350.42
1522,308,176,4,190.58,762.32
1523,312,220,4,319.43,1277.72
1524,608,22,4,488.62,1954.48
1525,512,164,3,20.36,61.08
1526,718,243,4,377.69,1510.76
1527,789,51,4,345.85,1383.4
1528,636,180,4,497.35,1989.4
1529,390,20,4,380.73,1522.92
1530,89,244,3,274.15,822.45
1531,85,126,1,230.07,230.07
1532,768,173,2,303.79,607.58
1533,481,18,3,158.36,475.08
1534,796,232,2,308.79,617.58
1535,98,6,2,298.75,597.5
1536,692,15,4,39.2,156.8
1537,186,238,3,350.08,1050.24
1538,398,275,1,130.34,130.34
1539,121,265,4,91.09,364.36
1540,463,151,2,24.71,49.42
1541,616,170,4,59.29,237.16
1542,159,40,2,243.66,487.32
1543,256,3,4,388.99,1555.96
1544,827,91,4,26.72,106.88
1545,188,115,3,433.45,1300.35
1546,598,253,2,358.34,716.68
1547,828,60,1,86.39,86.39
1548,136,289,1,221.86,221.86
1549,376,221,1,355.66,355.66
1550,920,189,1,212.22,212.22
1551,35,143,4,280.85,1123.4
1552,433,35,1,48.19,48.19
1553,899,184,4,203.66,814.64
1554,942,125,2,64.9,129.8
1555,166,45,2,334.0,668.0
1556,457,280,3,280.9,842.7
1557,490,35,2,293.15,586.3
1558,119,287,1,119.96,119.96
1559,151,154,2,374.59,749.18
1560,401,6,3,34.7,104.1
1561,808,7,1,264.66,264.66
1562,273,300,1,155.16,155.16
1563,831,71,3,460.76,1382.28
1564,882,246,2,98.39,196.78
1565,487,245,4,110.99,443.96
1566,177,199,1,77.33,77.33
1567,131,262,2,431.29,862.58
1568,70,245,1,285.25,285.25
1569,253,212,3,469.12,1407.36
1570,848,135,4,34.54,138.16
1571,443,22,3,391.41,1174.23
1572,29,99,3,198.43,595.29
1573,621,116,2,242.29,484.58
1574,973,261,4,324.79,1299.16
1575,774,81,2,301.49,602.98
1576,295,255,1,219.21,219.21
1577,32,214,1,283.03,283.03
1578,722,75,1,187.91,187.91
1579,403,144,4,326.83,1307.32
1580,940,175,3,418.98,1256.94
1581,620,168,3,428.41,1285.23
1582,482,262,4,196.12,784.48
1583,893,287,2,237.32,474.64
1584,94,251,3,268.71,806.13
1585,632,33,3,316.42,949.26
1586,957,139,3,299.24,897.72
1587,234,161,3,454.07,1362.21
1588,580,98,3,486.31,1458.93
1589,197,172,4,142.87,571.48
1590,613,218,2,385.32,770.64
1591,912,72,3,99.03,297.09
1592,703,186,3,106.21,318.63
1593,474,298,2,63.02,126.04
1594,741,150,2,106.84,213.68
1595,809,173,2,444.2,888.4
1596,830,255,3,126.59,379.77
1597,496,139,4,271.02,1084.08
1598,150,131,1,130.01,130.01
1599,990,193,4,6.62,26.48
1600,194,131,4,230.11,920.44
1601,564,299,3,258.0,774.0
1602,431,102,3,30.24,90.72
1603,438,251,1,240.8,240.8
1604,397,161,1,74.17,74.17
1605,126,186,1,25.31,25.31
1606,72,143,1,276.5,276.5
1607,275,66,1,463.25,463.25
1608,704,217,2,24.77,49.54
1609,677,291,1,9.88,9.88
1610,346,142,3,217.75,653.25
1611,237,113,3,464.29,1392.87
1612,363,122,2,16.36,32.72
1613,599,163,2,90.06,180.12
1614,990,197,2,273.15,546.3
1615,18,83,1,287.76,287.76
1616,629,139,4,66.66,266.64
1617,253,209,2,124.8,249.6
1618,625,85,2,459.22,918.44
1619,287,55,1,123.19,123.19
1620,316,223,4,225.85,903.4
1621,238,52,1,207.22,207.22
1622,455,227,2,370.89,741.78
1623,394,195,1,272.93,272.93
1624,279,106,4,221.14,884.56
1625,897,269,3,164.43,493.29
1626,512,260,4,419.92,1679.68
1627,622,106,3,76.54,229.62
1628,80,194,2,395.09,790.18
1629,213,112,3,179.87,539.61
1630,281,128,3,449.73,1349.19
1631,389,241,1,344.81,344.81
1632,577,125,1,228.86,228.86
1633,820,12,4,287.97,1151.88
1634,369,196,1,248.02,248.02
1635,742,229,4,49.28,197.12
1636,262,179,2,138.22,276.44
1637,934,134,4,83.26,333.04
1638,225,300,2,423.72,847.44
1639,391,187,1,381.55,381.55
1640,93,82,1,309.65,309.65
1641,567,26,3,44.23,132.69
1642,955,131,4,78.77,315.08
1643,146,224,3,436.15,1308.45
1644,191,118,4,159.24,636.96
1645,534,35,2,436.55,873.1
1646,636,27,2,147.68,295.36
1647,482,217,2,121.94,243.88
1648,828,101,1,38.35,38.35
1649,104,138,2,269.31,538.62
1650,798,237,3,362.99,1088.97
1651,157,274,2,126.6,253.2
1652,9,167,2,384.34,768.68
1653,526,11,1,199.93,199.93
1654,172,25,4,82.18,328.72
1655,136,124,3,289.06,867.18
1656,286,237,2,230.2,460.4
1657,728,57,2,85.23,170.46
1658,621,22,1,491.51,491.51
1659,140,1,3,233.08,699.24
1660,819,251,4,277.41,1109.64
1661,744,207,4,481.24,1924.96
1662,966,267,3,394.26,1182.78
1663,592,208,3,264.12,792.36
1664,418,86,4,67.49,269.96
1665,38,106,1,301.9,301.9
1666,377,153,1,304.18,304.18
1667,423,196,4,153.26,613.04
1668,25,162,4,103.36,413.44
1669,17,111,4,388.66,1554.64
1670,769,76,4,433.27,1733.08
1671,810,72,3,201.2,603.6
1672,146,9,2,452.31,904.62
1673,259,250,4,235.84,943.36
1674,477,191,2,234.33,468.66
1675,426,27,2,474.12,948.24
1676,919,52,3,190.15,570.45
1677,359,239,4,444.09,1776.36
1678,894,222,1,301.13,301.13
1679,364,263,4,25.06,100.24
1680,890,246,1,179.48,179.48
1681,199,159,2,10.47,20.94
1682,104,75,3,34.64,103.92
1683,522,112,3,16.95,50.85
1684,414,172,4,176.73,706.92
1685,335,146,3,30.2,90.6
1686,530,300,1,442.35,442.35
1687,777,250,4,383.0,1532.0
1688,38,281,1,499.33,499.33
1689,158,194,3,332.01,996.03
1690,451,137,2,75.39,150.78
1691,937,101,1,310.35,310.35
1692,283,202,2,25.74,51.48
1693,311,7,2,101.27,202.54
1694,583,100,4,400.74,1602.96
1695,905,78,4,275.79,1103.16
1696,262,108,1,495.56,495.56
1697,168,20,3,364.98,1094.94
1698,806,34,2,236.81,473.62
1699,170,253,1,44.58,44.58
1700,471,176,3,426.04,1278.12
1701,979,133,3,317.6,952.8
1702,335,270,2,335.54,671.08
1703,856,267,3,404.06,1212.18
1704,797,126,2,408.39,816.78
1705,445,248,3,167.44,502.32
1706,522,154,4,486.52,1946.08
1707,415,27,3,401.83,1205.49
1708,264,55,2,279.73,559.46
1709,865,113,2,234.85,469.7
1710,157,51,3,209.26,627.78
1711,410,215,3,153.05,459.15
1712,249,84,4,474.5,1898.0
1713,679,34,3,463.43,1390.29
1714,59,224,4,408.46,1633.84
1715,158,213,4,489.29,1957.16
1716,342,190,1,157.46,157.46
1717,499,252,4,296.27,1185.08
1718,416,221,2,146.8,293.6
1719,626,85,3,83.8,251.4
1720,335,193,1,54.83,54.83
1721,85,5,2,272.48,544.96
1722,505,48,2,495.96,991.92
1723,3,242,2,21.18,42.36
1724,299,188,3,334.7,1004.1
1725,90,21,2,446.98,893.96
1726,339,52,1,498.18,498.18
1727,85,21,1,411.61,411.61
1728,197,88,4,412.97,1651.88
1729,503,56,3,298.72,896.16
1730,631,270,1,416.74,416.74
1731,292,71,1,233.86,233.86
1732,873,134,2,323.51,647.02
1733,717,264,1,250.73,250.73
1734,230,146,1,199.73,199.73
1735,347,84,4,406.08,1624.32
1736,368,261,3,150.36,451.08
1737,723,206,4,404.45,1617.8
1738,241,159,3,109.22,327.66
1739,473,77,2,23.21,46.42
1740,61,61,2,58.3,116.6
1741,460,65,2,362.77,725.54
1742,290,171,3,291.74,875.22
1743,736,247,4,207.89,831.56
1744,953,283,3,469.03,1407.09
1745,215,243,1,185.28,185.28
1746,401,99,3,37.7,113.1
1747,33,130,4,97.35,389.4
1748,510,238,4,392.94,1571.76
1749,884,166,4,70.79,283.16
1750,335,217,3,479.24,1437.72
1751,770,291,2,8.68,17.36
1752,803,85,3,210.82,632.46
1753,499,172,2,25.8,51.6
1754,144,123,4,478.75,1915.0
1755,930,104,2,211.85,423.7
1756,790,5,3,357.13,1071.39
1757,820,191,3,6.35,19.05
1758,495,257,2,109.48,218.96
1759,341,259,3,267.78,803.34
1760,911,271,2,220.29,440.58
1761,973,21,4,482.25,1929.0
1762,606,281,3,271.7,815.1
1763,774,234,1,145.82,145.82
1764,19,209,1,239.89,239.89
1765,900,214,4,457.48,1829.92
1766,624,293,2,461.93,923.86
1767,855,115,4,136.03,544.12
1768,913,20,2,335.87,671.74
1769,594,131,4,136.36,545.44
1770,544,118,1,114.79,114.79
1771,842,231,2,201.51,403.02
1772,441,25,1,402.18,402.18
1773,281,275,4,13.09,52.36
1774,890,157,1,250.83,250.83
1775,595,110,3,390.94,1172.82
1776,876,121,4,282.57,1130.28
1777,337,91,2,12.03,24.06
1778,440,41,3,325.19,975.57
1779,970,246,1,54.23,54.23
1780,954,133,2,330.44,660.88
1781,688,132,4,85.12,340.48
1782,437,105,2,183.91,367.82
1783,784,148,3,498.95,1496.85
1784,709,281,1,42.73,42.73
1785,160,63,1,477.02,477.02
1786,68,139,2,61.12,122.24
1787,463,173,1,252.73,252.73
1788,856,274,4,257.84,1031.36
1789,493,143,1,181.35,181.35
1790,95,181,2,197.0,394.0
1791,194,280,3,364.03,1092.09
1792,933,45,1,85.33,85.33
1793,351,83,2,241.95,483.9
1794,947,180,1,173.39,173.39
1795,399,222,1,404.6,404.6
1796,795,207,2,87.92,175.84
1797,636,248,1,488.19,488.19
1798,763,117,4,280.94,1123.76
1799,469,199,3,323.05,969.15
1800,204,22,1,229.19,229.19
1801,4,293,3,13.48,40.44
1802,681,191,3,210.69,632.07
1803,858,4,3,431.69,1295.07
1804,88,69,1,299.35,299.35
1805,575,60,2,239.35,478.7
1806,567,283,3,64.28,192.84
1807,831,17,3,126.79,380.37
1808,550,218,3,24.27,72.81
1809,110,29,3,334.09,1002.27
1810,141,133,4,499.64,1998.56
1811,288,175,4,490.75,1963.0
1812,999,272,3,42.18,126.54
1813,316,154,4,16.25,65.0
1814,292,168,2,357.34,714.68
1815,891,71,1,184.45,184.45
1816,98,136,3,162.56,487.68
1817,127,94,2,293.2,586.4
1818,81,119,1,141.87,141.87
1819,862,282,1,406.73,406.73
1820,563,296,3,453.63,1360.89
1821,674,153,1,448.19,448.19
1822,771,21,3,459.82,1379.46
1823,431,48,3,138.18,414.54
1824,54,71,1,51.69,51.69
1825,968,3,1,446.24,446.24
1826,44,241,3,205.96,617.88
1827,110,136,2,297.47,594.94
1828,575,127,1,170.36,170.36
1829,190,292,1,317.27,317.27
1830,18,241,2,365.73,731.46
1831,130,87,2,494.88,989.76
1832,6,268,3,290.46,871.38
1833,748,97,4,276.04,1104.16
1834,61,221,2,308.56,617.12
1835,398,99,3,175.41,526.23
1836,415,211,3,138.33,414.99
1837,632,64,4,131.22,524.88
1838,620,255,1,489.02,489.02
1839,416,98,3,347.19,1041.57
1840,591,95,1,483.75,483.75
1841,255,68,1,119.27,119.27
1842,256,24,1,343.61,343.61
1843,137,112,3,479.9,1439.7
1844,589,2,2,360.03,720.06
1845,850,8,4,57.94,231.76
1846,212,229,2,77.76,155.52
1847,664,64,3,165.93,497.79
1848,421,194,3,224.49,673.47
1849,207,75,2,197.66,395.32
1850,193,125,4,247.01,988.04
1851,281,224,1,129.8,129.8
1852,444,238,2,35.4,70.8
1853,911,31,4,264.52,1058.08
1854,209,212,1,441.25,441.25
1855,145,146,3,92.64,277.92
1856,788,8,4,393.92,1575.68
1857,543,34,4,177.18,708.72
1858,660,115,4,104.46,417.84
1859,885,142,4,481.94,1927.76
1860,277,83,4,114.18,456.72
1861,927,69,1,391.6,391.6
1862,661,249,4,113.34,453.36
1863,972,283,2,59.36,118.72
1864,739,190,3,346.5,1039.5
1865,279,265,3,374.47,1123.41
1866,21,33,1,124.41,124.41
1867,290,130,2,380.08,760.16
1868,685,285,2,315.62,631.24
1869,542,2,2,479.52,959.04
1870,336,284,4,286.14,1144.56
1871,2,247,2,97.75,195.5
1872,751,157,4,129.33,517.32
1873,824,140,2,316.28,632.56
1874,686,290,3,52.56,157.68
1875,484,101,2,165.73,331.46
1876,879,173,3,238.33,714.99
1877,247,273,3,249.11,747.33
1878,442,288,1,346.42,346.42
1879,106,290,2,119.5,239.0
1880,888,23,2,236.21,472.42
1881,548,38,1,342.08,342.08
1882,1000,281,4,360.62,1442.48
1883,227,110,2,188.58,377.16
1884,38,132,1,459.51,459.51
1885,419,62,3,323.29,969.87
1886,912,231,2,51.27,102.54
1887,946,122,1,51.29,51.29
1888,257,275,2,26.86,53.72
1889,706,142,2,330.36,660.72
1890,713,4,4,409.45,1637.8
1891,222,211,3,54.55,163.65
1892,516,299,2,462.78,925.56
1893,285,1,4,349.71,1398.84
1894,958,183,4,280.36,1121.44
1895,169,14,1,490.45,490.45
1896,586,11,3,100.31,300.93
1897,843,81,2,370.05,740.1
1898,751,92,2,414.5,829.0
1899,203,68,3,233.12,699.36
1900,678,231,2,311.23,622.46
1901,33,61,2,186.49,372.98
1902,775,154,4,81.2,324.8
1903,65,82,4,192.15,768.6
1904,176,192,1,268.85,268.85
1905,701,216,1,46.99,46.99
1906,162,109,1,81.1,81.1
1907,112,223,2,351.35,702.7
1908,171,137,3,443.76,1331.28
1909,162,273,2,477.04,954.08
1910,436,89,4,143.19,572.76
1911,267,110,1,102.15,102.15
1912,303,193,4,463.99,1855.96
1913,896,298,1,399.32,399.32
1914,130,28,2,369.82,739.64
1915,547,58,4,200.33,801.32
1916,666,298,2,31.15,62.3
1917,185,276,2,400.48,800.96
1918,247,26,1,124.54,124.54
1919,566,43,3,264.91,794.73
1920,96,133,3,169.38,508.14
1921,140,92,1,216.72,216.72
1922,871,106,2,402.42,804.84
1923,226,46,2,314.3,628.6
1924,74,217,1,370.18,370.18
1925,330,236,2,342.26,684.52
1926,868,173,1,21.39,21.39
1927,12,14,1,432.13,432.13
1928,741,16,1,164.64,164.64
1929,776,300,1,45.9,45.9
1930,195,247,1,222.29,222.29
1931,916,276,3,33.34,100.02
1932,646,14,2,494.26,988.52
1933,321,195,1,398.37,398.37
1934,517,149,3,134.1,402.3
1935,88,280,2,302.17,604.34
1936,591,277,4,147.16,588.64
1937,535,40,2,91.98,183.96
1938,782,148,1,160.49,160.49
1939,481,21,4,236.32,945.28
1940,46,26,1,332.71,332.71
1941,908,126,4,175.95,703.8
1942,350,46,3,363.33,1089.99
1943,282,272,2,205.57,411.14
1944,577,63,2,209.42,418.84
1945,817,138,2,495.38,990.76
1946,379,26,3,158.51,475.53
1947,175,296,4,366.15,1464.6
1948,566,21,4,31.25,125.0
1949,213,124,4,303.04,1212.16
1950,629,286,4,310.96,1243.84
1951,806,9,2,67.25,134.5
1952,63,138,1,464.43,464.43
1953,887,201,3,418.27,1254.81
1954,128,285,1,134.5,134.5
1955,751,133,2,276.0,552.0
1956,486,256,2,260.25,520.5
1957,388,97,1,202.86,202.86
1958,249,80,1,75.04,75.04
1959,410,152,2,263.25,526.5
1960,661,158,4,152.31,609.24
1961,22,125,4,379.46,1517.84
1962,134,189,4,110.87,443.48
1963,318,129,1,233.67,233.67
1964,42,200,3,473.0,1419.0
1965,647,200,2,180.56,361.12
1966,769,192,3,433.81,1301.43
1967,44,96,4,395.39,1581.56
1968,739,189,3,274.02,822.06
1969,192,151,2,479.81,959.62
1970,934,12,1,237.57,237.57
1971,316,211,3,432.23,1296.69
1972,526,295,1,387.16,387.16
1973,749,56,3,124.51,373.53
1974,715,257,2,416.06,832.12
1975,283,170,2,235.51,471.02
1976,852,32,3,23.58,70.74
1977,704,30,3,123.21,369.63
1978,939,111,2,485.02,970.04
1979,844,182,2,415.12,830.24
1980,264,162,1,200.39,200.39
1981,228,73,1,49.58,49.58
1982,729,233,4,362.02,1448.08
1983,807,64,1,305.2,305.2
1984,204,124,1,317.28,317.28
1985,203,253,2,71.68,143.36
1986,660,166,2,24.41,48.82
1987,417,18,1,478.32,478.32
1988,941,259,4,380.41,1521.64
1989,336,200,1,233.55,233.55
1990,513,209,1,10.28,10.28
1991,190,107,1,498.65,498.65
1992,31,55,3,390.42,1171.26
1993,115,282,2,419.61,839.22
1994,537,7,2,345.76,691.52
1995,342,242,4,135.62,542.48
1996,291,62,4,458.75,1835.0
1997,904,110,4,187.11,748.44
1998,812,178,2,443.51,887.02
1999,79,160,1,405.21,405.21
2000,892,270,3,58.88,176.64
2001,300,116,2,201.52,403.04
2002,489,176,1,295.35,295.35
2003,775,209,2,89.45,178.9
2004,741,81,2,305.25,610.5
2005,518,76,1,123.87,123.87
2006,282,172,3,212.04,636.12
2007,95,131,1,349.23,349.23
2008,878,151,2,262.24,524.48
2009,418,22,3,317.09,951.27
2010,797,173,2,248.73,497.46
2011,405,220,4,483.31,1933.24
2012,762,24,1,62.67,62.67
2013,132,219,1,469.73,469.73
2014,967,99,1,262.53,262.53
2015,209,185,4,201.93,807.72
2016,623,46,1,196.21,196.21
2017,702,234,1,163.59,163.59
2018,764,109,1,476.63,476.63
2019,787,112,3,449.26,1347.78
2020,365,27,4,256.99,1027.96
2021,188,224,1,245.27,245.27
2022,868,249,4,382.71,1530.84
2023,660,74,2,492.04,984.08
2024,852,136,3,376.08,1128.24
2025,42,60,2,155.48,310.96
2026,568,3,4,391.22,1564.88
2027,351,153,2,241.06,482.12
2028,684,282,2,206.69,413.38
2029,218,120,3,309.18,927.54
2030,128,28,1,335.18,335.18
2031,463,10,1,256.16,256.16
2032,579,298,1,402.63,402.63
2033,293,294,2,467.81,935.62
2034,732,232,3,293.54,880.62
2035,170,207,4,384.48,1537.92
2036,587,193,3,415.99,1247.97
2037,658,234,1,445.13,445.13
2038,303,75,3,291.74,875.22
2039,653,292,2,77.73,155.46
2040,579,53,3,15.53,46.59
2041,513,159,2,476.88,953.76
2042,912,98,1,96.55,96.55
2043,800,115,3,391.36,1174.08
2044,795,221,4,284.14,1136.56
2045,984,29,4,313.0,1252.0
2046,24,286,4,81.73,326.92
2047,656,61,4,383.08,1532.32
2048,996,16,4,91.09,364.36
2049,222,159,2,262.4,524.8
2050,226,167,3,326.84,980.52
2051,921,267,2,330.34,660.68
2052,575,9,3,414.87,1244.61
2053,919,177,4,444.2,1776.8
2054,121,73,4,173.96,695.84
2055,563,76,4,297.3,1189.2
2056,368,279,2,219.9,439.8
2057,273,48,4,288.59,1154.36
2058,353,209,1,462.11,462.11
2059,222,8,4,405.33,1621.32
2060,101,75,2,404.58,809.16
2061,322,293,3,490.33,1470.99
2062,769,62,3,422.44,1267.32
2063,796,137,4,273.03,1092.12
2064,247,160,3,314.89,944.67
2065,42,16,2,241.82,483.64
2066,230,1,1,335.52,335.52
2067,527,223,4,454.13,1816.52
2068,399,33,1,62.81,62.81
2069,782,199,2,42.15,84.3
2070,685,99,3,412.66,1237.98
2071,844,14,1,472.95,472.95
2072,385,271,1,307.97,307.97
2073,286,42,3,316.78,950.34
2074,75,165,1,229.3,229.3
2075,793,91,2,436.56,873.12
2076,973,227,4,315.35,1261.4
2077,52,189,2,320.56,641.12
2078,277,9,4,223.12,892.48
2079,614,145,4,85.34,341.36
2080,732,230,2,364.38,728.76
2081,782,211,2,300.17,600.34
2082,353,10,1,374.2,374.2
2083,504,243,4,461.93,1847.72
2084,165,290,1,385.71,385.71
2085,270,12,4,468.6,1874.4
2086,691,274,3,38.24,114.72
2087,200,102,2,229.66,459.32
2088,92,68,3,182.15,546.45
2089,953,88,2,175.65,351.3
2090,985,206,1,236.26,236.26
2091,950,41,4,10.27,41.08
2092,870,85,1,43.9,43.9
2093,168,1,4,60.75,243.0
2094,769,217,2,413.46,826.92
2095,686,163,2,236.53,473.06
2096,560,294,3,191.11,573.33
2097,195,112,4,41.8,167.2
2098,684,280,3,157.01,471.03
2099,607,26,2,432.96,865.92
2100,331,25,2,432.74,865.48
2101,302,262,1,486.67,486.67
2102,97,221,3,145.96,437.88
2103,55,122,4,106.42,425.68
2104,257,53,4,237.85,951.4
2105,111,73,4,371.75,1487.0
2106,512,263,2,458.01,916.02
2107,77,8,2,321.34,642.68
2108,900,252,2,55.66,111.32
2109,199,134,4,89.95,359.8
2110,560,175,4,393.28,1573.12
2111,704,225,2,380.15,760.3
2112,888,119,2,438.94,877.88
2113,869,264,2,274.04,548.08
2114,327,210,1,172.54,172.54
2115,587,231,1,248.95,248.95
2116,720,279,4,204.38,817.52
2117,950,61,4,241.77,967.08
2118,63,207,4,121.8,487.2
2119,415,266,2,430.75,861.5
2120,16,187,1,191.18,191.18
2121,148,44,2,94.32,188.64
2122,645,179,3,338.57,1015.71
2123,89,202,3,12.34,37.02
2124,344,277,4,468.84,1875.36
2125,704,136,4,286.87,1147.48
2126,751,38,2,41.01,82.02
2127,585,72,3,286.09,858.27
2128,993,234,1,280.98,280.98
2129,548,138,2,217.83,435.66
2130,624,278,3,392.76,1178.28
2131,889,9,2,67.8,135.6
2132,941,20,3,400.2,1200.6
2133,975,118,4,487.63,1950.52
2134,613,129,3,325.94,977.82
2135,306,173,1,325.4,325.4
2136,291,178,4,314.9,1259.6
2137,520,235,1,349.16,349.16
2138,452,47,3,462.21,1386.63
2139,241,279,4,226.55,906.2
2140,490,101,2,17.98,35.96
2141,631,232,3,193.32,579.96
2142,80,33,4,249.97,999.88
2143,545,253,4,273.28,1093.12
2144,878,295,4,255.37,1021.48
2145,736,79,2,163.46,326.92
2146,591,101,4,497.12,1988.48
2147,40,273,3,342.37,1027.11
2148,1,205,2,342.76,685.52
2149,812,122,3,30.68,92.04
2150,276,16,3,379.01,1137.03
2151,400,196,3,344.38,1033.14
2152,583,20,1,338.14,338.14
2153,172,144,2,390.3,780.6
2154,351,192,3,129.35,388.05
2155,957,269,4,233.04,932.16
2156,404,101,2,179.74,359.48
2157,835,151,2,320.96,641.92
2158,650,69,3,395.82,1187.46
2159,851,114,2,275.36,550.72
2160,924,294,1,173.39,173.39
2161,169,134,1,343.81,343.81
2162,938,168,2,268.85,537.7
2163,346,248,2,457.41,914.82
2164,352,200,2,484.47,968.94
2165,176,207,2,434.83,869.66
2166,228,176,3,55.6,166.8
2167,882,259,1,282.17,282.17
2168,401,190,3,17.7,53.1
2169,662,251,3,478.35,1435.05
2170,973,287,3,12.74,38.22
2171,329,250,3,413.31,1239.93
2172,230,4,2,156.78,313.56
2173,639,62,1,463.53,463.53
2174,116,247,4,86.58,346.32
2175,204,268,3,293.08,879.24
2176,276,20,1,420.09,420.09
2177,216,202,3,48.66,145.98
2178,301,233,1,166.75,166.75
2179,336,104,1,112.21,112.21
2180,178,188,2,409.68,819.36
2181,488,269,1,122.88,122.88
2182,437,230,3,27.67,83.01
2183,983,137,2,350.08,700.16
2184,659,56,3,475.44,1426.32
2185,812,45,1,389.29,389.29
2186,182,234,4,309.78,1239.12
2187,971,63,4,282.94,1131.76
2188,620,68,4,8.33,33.32
2189,370,67,2,423.13,846.26
2190,540,286,3,204.09,612.27
2191,912,71,3,280.92,842.76
2192,935,220,4,33.89,135.56
2193,333,299,4,397.19,1588.76
2194,461,276,4,143.37,573.48
2195,884,86,2,248.89,497.78
2196,346,262,3,491.66,1474.98
2197,915,144,3,367.78,1103.34
2198,433,187,3,394.87,1184.61
2199,862,148,2,253.51,507.02
2200,312,61,1,407.15,407.15
2201,439,171,1,72.38,72.38
2202,872,4,1,26.22,26.22
2203,821,158,3,321.39,964.17
2204,601,119,1,479.44,479.44
2205,135,60,3,434.9,1304.7
2206,71,107,1,165.37,165.37
2207,493,18,2,318.54,637.08
2208,436,285,2,342.59,685.18
2209,291,156,3,426.31,1278.93
2210,538,197,4,295.28,1181.12
2211,734,252,2,252.29,504.58
2212,871,114,4,227.26,909.04
2213,653,226,3,323.36,970.08
2214,154,4,2,186.32,372.64
2215,528,86,3,147.52,442.56
2216,973,36,2,403.67,807.34
2217,178,279,1,369.84,369.84
2218,195,33,2,104.09,208.18
2219,147,4,3,313.91,941.73
2220,61,194,1,443.31,443.31
2221,533,126,4,134.88,539.52
2222,164,105,4,175.78,703.12
2223,546,85,4,204.99,819.96
2224,724,45,4,92.59,370.36
2225,186,180,4,234.81,939.24
2226,267,186,3,244.5,733.5
2227,389,80,1,166.09,166.09
2228,634,47,4,194.29,777.16
2229,674,284,2,366.13,732.26
2230,402,28,2,360.55,721.1
2231,984,62,4,91.9,367.6
2232,469,111,2,224.23,448.46
2233,735,112,2,478.56,957.12
2234,949,15,3,94.99,284.97
2235,159,296,2,371.79,743.58
2236,903,88,1,367.74,367.74
2237,819,168,1,321.98,321.98
2238,242,284,2,122.05,244.1
2239,171,167,3,352.72,1058.16
2240,251,296,2,163.5,327.0
2241,963,158,3,211.85,635.55
2242,501,238,4,113.34,453.36
2243,828,202,3,127.33,381.99
2244,21,293,3,134.21,402.63
2245,260,296,4,307.55,1230.2
2246,743,60,2,447.17,894.34
2247,619,299,4,6.33,25.32
2248,585,90,4,39.59,158.36
2249,57,170,2,335.03,670.06
2250,611,240,4,360.79,1443.16
2251,220,252,3,73.45,220.35
2252,975,286,2,69.68,139.36
2253,29,51,2,397.65,795.3
2254,407,28,2,90.77,181.54
2255,905,23,3,381.69,1145.07
2256,501,239,4,177.91,711.64
2257,216,191,3,96.4,289.2
2258,653,274,4,462.53,1850.12
2259,818,21,2,13.58,27.16
2260,310,121,4,324.48,1297.92
2261,835,294,3,59.19,177.57
2262,69,178,2,477.28,954.56
2263,893,293,1,16.31,16.31
2264,153,296,2,390.71,781.42
2265,748,179,1,50.78,50.78
2266,204,245,3,328.61,985.83
2267,753,262,2,33.06,66.12
2268,844,101,1,290.39,290.39
2269,482,43,2,344.95,689.9
2270,512,48,1,76.87,76.87
2271,50,78,2,62.2,124.4
2272,162,61,4,208.01,832.04
2273,771,72,1,62.01,62.01
2274,790,46,1,60.79,60.79
2275,413,54,2,457.08,914.16
2276,43,62,1,226.01,226.01
2277,741,176,4,466.54,1866.16
2278,203,110,1,150.34,150.34
2279,198,221,4,171.97,687.88
2280,550,7,2,230.39,460.78
2281,898,155,1,79.07,79.07
2282,804,145,2,54.73,109.46
2283,292,12,4,314.55,1258.2
2284,144,173,1,290.33,290.33
2285,335,69,2,300.18,600.36
2286,385,66,1,420.8,420.8
2287,606,100,3,497.31,1491.93
2288,359,195,1,406.18,406.18
2289,754,1,2,359.26,718.52
2290,583,177,2,390.71,781.42
2291,598,255,1,389.3,389.3
2292,235,233,1,75.23,75.23
2293,196,218,3,277.1,831.3
2294,553,188,4,156.94,627.76
2295,947,67,2,423.94,847.88
2296,266,39,2,17.69,35.38
2297,494,28,4,65.94,263.76
2298,629,83,4,119.25,477.0
2299,507,143,1,87.34,87.34
2300,635,32,4,360.83,1443.32
2301,988,44,4,215.97,863.88
2302,605,12,4,117.96,471.84
2303,130,145,1,174.48,174.48
2304,268,82,1,114.81,114.81
2305,728,147,1,128.6,128.6
2306,128,9,3,454.45,1363.35
2307,416,255,4,187.44,749.76
2308,915,158,1,188.59,188.59
2309,605,179,3,146.1,438.3
2310,864,89,2,129.38,258.76
2311,862,55,2,419.2,838.4
2312,258,237,4,6.35,25.4
2313,46,285,1,385.73,385.73
2314,817,264,1,24.17,24.17
2315,28,212,2,54.69,109.38
2316,409,142,1,247.05,247.05
2317,434,265,1,274.46,274.46
2318,530,50,3,226.64,679.92
2319,152,16,1,487.23,487.23
2320,722,32,4,46.8,187.2
2321,521,22,4,229.22,916.88
2322,253,28,4,357.75,1431.0
2323,341,41,1,407.43,407.43
2324,295,185,3,248.56,745.68
2325,205,206,2,61.53,123.06
2326,202,13,1,284.74,284.74
2327,187,179,3,226.18,678.54
2328,721,220,3,250.61,751.83
2329,210,62,1,170.21,170.21
2330,688,103,4,82.51,330.04
2331,830,226,3,419.97,1259.91
2332,911,202,4,412.48,1649.92
2333,81,181,1,264.68,264.68
2334,851,71,4,14.4,57.6
2335,59,137,4,210.33,841.32
2336,103,160,3,315.28,945.84
2337,26,35,1,30.04,30.04
2338,603,249,4,66.54,266.16
2339,259,20,1,375.77,375.77
2340,269,300,2,274.22,548.44
2341,965,283,1,411.17,411.17
2342,577,139,1,160.95,160.95
2343,684,34,3,393.31,1179.93
2344,44,131,1,404.88,404.88
2345,305,255,4,392.75,1571.0
2346,542,253,2,325.77,651.54
2347,204,238,4,344.15,1376.6
2348,834,213,4,303.48,1213.92
2349,768,150,1,208.39,208.39
2350,392,51,2,112.06,224.12
2351,294,26,4,242.55,970.2
2352,273,128,2,416.3,832.6
2353,781,166,4,95.59,382.36
2354,755,264,3,293.52,880.56
2355,934,59,4,404.47,1617.88
2356,69,136,2,442.3,884.6
2357,869,72,1,111.1,111.1
2358,53,264,4,410.81,1643.24
2359,554,88,1,49.07,49.07
2360,57,82,1,317.26,317.26
2361,677,133,1,425.56,425.56
2362,924,280,1,121.43,121.43
2363,701,293,4,450.91,1803.64
2364,919,58,1,488.13,488.13
2365,986,12,3,464.26,1392.78
2366,521,16,1,485.4,485.4
2367,951,205,3,155.54,466.62
2368,142,83,1,228.39,228.39
2369,902,183,2,287.69,575.38
2370,451,260,3,221.65,664.95
2371,12,277,2,35.55,71.1
2372,27,133,1,212.3,212.3
2373,328,243,1,415.26,415.26
2374,185,97,4,283.9,1135.6
2375,307,207,1,383.48,383.48
2376,685,44,2,257.89,515.78
2377,512,139,2,301.95,603.9
2378,434,287,2,234.36,468.72
2379,771,201,4,333.97,1335.88
2380,52,137,1,296.48,296.48
2381,235,61,3,452.84,1358.52
2382,91,298,4,60.68,242.72
2383,438,23,4,450.3,1801.2
2384,658,128,2,246.32,492.64
2385,691,284,2,169.99,339.98
2386,387,182,1,390.62,390.62
2387,472,298,4,94.95,379.8
2388,656,24,4,352.5,1410.0
2389,290,193,4,275.67,1102.68
2390,738,136,4,17.68,70.72
2391,464,262,3,80.09,240.27
2392,455,6,2,282.61,565.22
2393,105,198,2,84.1,168.2
2394,956,183,2,413.63,827.26
2395,417,141,2,5.17,10.34
2396,991,294,2,136.63,273.26
2397,410,273,2,308.97,617.94
2398,902,224,2,492.58,985.16
2399,405,246,2,495.34,990.68
2400,771,270,4,302.96,1211.84
2401,70,218,1,313.5,313.5
2402,65,46,3,41.56,124.68
2403,850,58,2,182.08,364.16
2404,774,84,2,358.79,717.58
2405,111,120,2,240.18,480.36
2406,418,1,3,97.36,292.08
2407,255,23,3,164.0,492.0
2408,524,49,4,169.56,678.24
2409,850,12,2,183.36,366.72
2410,980,143,3,250.32,750.96
2411,269,64,1,217.31,217.31
2412,666,17,2,350.02,700.04
2413,281,15,4,204.02,816.08
2414,65,241,4,448.8,1795.2
2415,954,34,2,351.6,703.2
2416,609,276,1,275.62,275.62
2417,980,2,4,233.55,934.2
2418,565,75,1,139.39,139.39
2419,454,139,4,260.9,1043.6
2420,108,116,3,313.16,939.48
2421,942,202,4,473.86,1895.44
2422,560,217,2,350.95,701.9
2423,596,203,4,159.25,637.0
2424,519,196,3,345.9,1037.7
2425,888,47,3,173.44,520.32
2426,268,161,1,59.77,59.77
2427,629,70,2,34.0,68.0
2428,704,245,3,126.97,380.91
2429,952,196,1,178.87,178.87
2430,73,243,1,214.13,214.13
2431,746,32,2,417.1,834.2
2432,551,285,4,107.54,430.16
2433,322,128,4,488.05,1952.2
2434,664,65,1,259.76,259.76
2435,267,168,3,301.75,905.25
2436,389,249,1,29.33,29.33
2437,609,294,3,404.46,1213.38
2438,306,272,3,93.57,280.71
2439,301,193,4,342.79,1371.16
2440,281,286,4,218.51,874.04
2441,421,26,3,395.64,1186.92
2442,269,83,1,410.99,410.99
2443,954,160,3,214.68,644.04
2444,373,251,4,173.26,693.04
2445,914,15,4,392.35,1569.4
2446,316,164,2,100.18,200.36
2447,519,15,4,69.77,279.08
2448,878,190,3,400.47,1201.41
2449,897,196,2,427.87,855.74
2450,189,215,3,351.8,1055.4
2451,56,56,4,318.15,1272.6
2452,619,178,2,463.05,926.1
2453,10,218,2,428.51,857.02
2454,122,90,2,150.59,301.18
2455,987,232,4,482.35,1929.4
2456,490,243,3,203.61,610.83
2457,783,162,1,198.12,198.12
2458,107,41,2,144.06,288.12
2459,103,48,3,455.81,1367.43
2460,873,258,3,269.04,807.12
2461,530,199,1,8.03,8.03
2462,927,275,1,58.63,58.63
2463,603,265,4,243.19,972.76
2464,507,287,2,101.96,203.92
2465,82,89,3,224.82,674.46
2466,805,7,3,225.83,677.49
2467,736,210,3,427.11,1281.33
2468,654,218,1,77.9,77.9
2469,114,85,1,105.93,105.93
2470,258,118,4,174.36,697.44
2471,441,178,4,433.87,1735.48
2472,546,25,4,279.28,1117.12
2473,998,87,3,491.78,1475.34
2474,971,264,2,158.33,316.66
2475,127,286,2,254.21,508.42
2476,900,130,3,399.47,1198.41
2477,973,138,1,20.56,20.56
2478,968,220,3,156.22,468.66
2479,377,147,4,172.58,690.32
2480,150,101,1,60.14,60.14
2481,968,100,2,467.65,935.3
2482,459,147,4,342.68,1370.72
2483,636,44,4,222.0,888.0
2484,793,204,2,125.23,250.46
2485,301,86,4,89.01,356.04
2486,197,285,4,344.12,1376.48
2487,840,38,4,180.05,720.2
2488,13,278,1,401.59,401.59
2489,69,199,2,414.22,828.44
2490,262,169,2,21.43,42.86
2491,624,118,3,361.0,1083.0
2492,516,75,3,313.94,941.82
2493,235,170,2,441.14,882.28
2494,13,19,1,259.78,259.78
2495,733,203,4,239.71,958.84
2496,294,264,1,422.07,422.07
2497,354,89,3,130.78,392.34
2498,939,185,3,134.63,403.89
2499,55,273,2,410.63,821.26
2500,901,186,1,240.18,240.18
2501,635,112,4,353.77,1415.08
2502,566,55,1,322.68,322.68
2503,667,165,2,323.61,647.22
2504,127,76,4,480.37,1921.48
2505,525,131,4,402.93,1611.72
2506,582,297,4,494.15,1976.6
2507,541,264,2,442.98,885.96
2508,783,32,3,496.64,1489.92
2509,323,247,2,419.57,839.14
2510,108,141,4,342.11,1368.44
2511,260,193,2,23.03,46.06
2512,92,277,4,356.68,1426.72
2513,180,138,2,452.76,905.52
2514,852,286,2,298.23,596.46
2515,167,267,2,122.94,245.88
2516,812,53,2,488.01,976.02
2517,662,282,4,19.89,79.56
2518,943,81,2,491.79,983.58
2519,530,264,1,357.29,357.29
2520,571,109,2,77.12,154.24
2521,46,60,1,96.63,96.63
2522,180,2,1,36.2,36.2
2523,535,198,4,219.82,879.28
2524,118,24,1,256.42,256.42
2525,647,286,4,358.86,1435.44
2526,125,6,1,409.83,409.83
2527,194,191,4,399.45,1597.8
2528,296,32,2,449.38,898.76
2529,297,164,2,322.37,644.74
2530,88,262,1,394.15,394.15
2531,283,216,2,101.52,203.04
2532,317,210,3,416.87,1250.61
2533,810,51,1,6.81,6.81
2534,751,9,4,418.47,1673.88
2535,414,94,1,188.18,188.18
2536,836,143,3,476.49,1429.47
2537,603,195,4,417.88,1671.52
2538,340,11,1,220.78,220.78
2539,996,200,4,137.99,551.96
2540,76,7,4,458.49,1833.96
2541,307,45,1,353.52,353.52
2542,914,116,3,5.78,17.34
2543,458,278,3,54.78,164.34
2544,629,138,4,25.77,103.08
2545,630,8,3,387.64,1162.92
2546,779,100,4,212.75,851.0
2547,208,151,2,192.07,384.14
2548,744,291,4,83.86,335.44
2549,622,236,1,266.34,266.34
2550,553,222,1,238.88,238.88
2551,699,249,1,185.22,185.22
2552,380,220,2,184.7,369.4
2553,865,40,4,448.91,1795.64
2554,24,122,2,16.03,32.06
2555,90,68,4,441.18,1764.72
2556,783,184,4,425.39,1701.56
2557,647,268,2,193.17,386.34
2558,310,41,1,381.72,381.72
2559,919,293,3,467.59,1402.77
2560,964,38,4,183.8,735.2
2561,523,161,1,232.98,232.98
2562,468,149,1,337.13,337.13
2563,142,250,3,195.62,586.86
2564,190,39,1,273.2,273.2
2565,817,283,2,143.76,287.52
2566,624,207,2,220.69,441.38
2567,182,84,2,303.56,607.12
2568,489,172,1,227.39,227.39
2569,831,136,3,136.87,410.61
2570,136,54,3,342.1,1026.3
2571,382,249,1,162.89,162.89
2572,799,259,2,6.43,12.86
2573,592,73,2,423.06,846.12
2574,376,255,1,356.6,356.6
2575,19,26,1,317.9,317.9
2576,225,176,4,141.18,564.72
2577,55,236,2,109.58,219.16
2578,140,143,4,495.98,1983.92
2579,516,84,3,444.27,1332.81
2580,907,144,1,33.91,33.91
2581,498,267,2,84.65,169.3
2582,269,232,2,49.59,99.18
2583,430,38,4,471.09,1884.36
2584,556,192,1,243.33,243.33
2585,61,180,1,50.28,50.28
2586,589,191,1,307.16,307.16
2587,865,238,1,490.62,490.62
2588,673,45,3,97.04,291.12
2589,83,23,3,117.57,352.71
2590,837,226,1,411.3,411.3
2591,140,103,1,21.25,21.25
2592,73,221,3,341.84,1025.52
2593,5,248,3,453.5,1360.5
2594,850,45,3,283.08,849.24
2595,336,151,2,406.31,812.62
2596,145,291,4,209.54,838.16
2597,569,294,2,433.28,866.56
2598,423,177,2,299.61,599.22
2599,286,242,1,209.64,209.64
2600,751,46,2,488.82,977.64
2601,208,160,1,110.54,110.54
2602,790,37,1,132.62,132.62
2603,47,79,3,388.47,1165.41
2604,680,207,2,343.88,687.76
2605,71,240,3,110.6,331.8
2606,903,185,4,131.74,526.96
2607,783,124,3,436.32,1308.96
2608,156,216,1,205.79,205.79
2609,280,280,4,24.26,97.04
2610,440,230,2,296.2,592.4
2611,225,129,3,465.82,1397.46
2612,516,100,3,484.0,1452.0
2613,326,117,4,460.96,1843.84
2614,817,153,4,457.93,1831.72
2615,554,25,3,170.33,510.99
2616,457,228,3,353.82,1061.46
2617,403,185,4,311.84,1247.36
2618,361,41,3,480.66,1441.98
2619,164,106,2,365.95,731.9
2620,10,18,3,451.65,1354.95
2621,333,55,1,249.23,249.23
2622,717,159,1,334.71,334.71
2623,615,53,2,54.37,108.74
2624,86,52,4,390.56,1562.24
2625,964,199,1,302.51,302.51
2626,704,10,2,167.62,335.24
2627,303,228,4,31.72,126.88
2628,720,91,2,318.75,637.5
2629,416,190,2,160.99,321.98
2630,942,138,1,342.88,342.88
2631,1,43,2,95.21,190.42
2632,923,161,3,436.6,1309.8
2633,61,6,2,430.67,861.34
2634,778,26,1,163.16,163.16
2635,346,110,2,453.72,907.44
2636,356,133,4,318.69,1274.76
2637,633,174,1,221.84,221.84
2638,45,253,1,383.67,383.67
2639,722,98,2,234.53,469.06
2640,564,26,3,355.61,1066.83
2641,605,188,1,457.16,457.16
2642,683,34,1,9.81,9.81
2643,403,148,2,485.07,970.14
2644,792,7,2,346.56,693.12
2645,593,61,1,142.33,142.33
2646,130,17,2,217.06,434.12
2647,519,146,1,40.64,40.64
2648,308,49,2,495.29,990.58
2649,345,90,3,176.32,528.96
2650,769,125,3,344.58,1033.74
2651,349,76,1,183.87,183.87
2652,73,18,1,206.74,206.74
2653,499,292,1,323.84,323.84
2654,408,293,4,471.74,1886.96
2655,931,281,1,41.48,41.48
2656,397,225,4,135.07,540.28
2657,797,124,4,252.97,1011.88
2658,712,65,2,332.8,665.6
2659,584,148,3,292.62,877.86
2660,987,192,2,15.15,30.3
2661,403,252,4,191.6,766.4
2662,869,81,3,167.41,502.23
2663,224,83,3,415.08,1245.24
2664,75,253,2,492.76,985.52
2665,321,131,2,449.93,899.86
2666,189,147,1,232.39,232.39
2667,261,95,1,315.73,315.73
2668,678,294,2,113.32,226.64
2669,227,158,3,428.73,1286.19
2670,72,8,1,287.8,287.8
2671,659,216,1,181.3,181.3
2672,6,277,4,257.67,1030.68
2673,249,8,2,443.77,887.54
2674,120,46,4,199.33,797.32
2675,226,70,1,144.39,144.39
2676,695,172,4,170.37,681.48
2677,898,289,4,165.02,660.08
2678,580,96,1,89.64,89.64
2679,755,217,3,87.91,263.73
2680,48,119,2,212.44,424.88
2681,824,92,1,442.95,442.95
2682,145,235,3,180.09,540.27
2683,192,40,3,233.66,700.98
2684,475,13,2,5.54,11.08
2685,456,59,1,401.57,401.57
2686,863,83,2,358.28,716.56
2687,564,4,2,98.58,197.16
2688,718,87,1,325.28,325.28
2689,623,88,1,179.52,179.52
2690,933,269,1,263.52,263.52
2691,932,251,1,344.77,344.77
2692,580,49,4,57.68,230.72
2693,115,258,4,109.66,438.64
2694,381,171,1,366.51,366.51
2695,902,161,4,346.68,1386.72
2696,482,86,1,193.95,193.95
2697,530,23,1,376.45,376.45
2698,792,174,2,241.98,483.96
2699,784,111,1,276.01,276.01
2700,385,80,4,450.11,1800.44
2701,823,261,3,169.19,507.57
2702,904,160,1,330.39,330.39
2703,527,71,2,362.58,725.16
2704,489,84,1,31.72,31.72
2705,565,110,3,270.64,811.92
2706,641,118,2,332.93,665.86
2707,160,31,3,48.9,146.7
2708,286,250,3,329.14,987.42
2709,749,68,1,37.69,37.69
2710,998,185,2,352.04,704.08
2711,690,65,1,68.15,68.15
2712,650,107,1,142.11,142.11
2713,732,77,2,426.93,853.86
2714,134,225,4,182.79,731.16
2715,953,66,1,125.63,125.63
2716,736,100,1,449.76,449.76
2717,778,67,1,211.87,211.87
2718,908,25,4,130.47,521.88
2719,202,2,1,175.5,175.5
2720,813,119,4,231.17,924.68
2721,365,204,1,307.5,307.5
2722,230,68,1,343.47,343.47
2723,668,83,1,210.78,210.78
2724,905,38,4,152.78,611.12
2725,886,21,2,293.11,586.22
2726,979,272,2,64.07,128.14
2727,805,15,3,127.73,383.19
2728,989,278,3,38.11,114.33
2729,397,201,2,79.66,159.32
2730,84,104,1,212.8,212.8
2731,15,257,1,186.61,186.61
2732,571,189,4,421.51,1686.04
2733,930,202,4,477.25,1909.0
2734,899,21,4,120.76,483.04
2735,404,79,1,287.31,287.31
2736,824,202,3,184.03,552.09
2737,311,298,3,390.51,1171.53
2738,803,131,3,329.73,989.19
2739,452,221,4,489.95,1959.8
2740,702,157,2,360.05,720.1
2741,582,214,3,9.23,27.69
2742,663,193,2,229.54,459.08
2743,133,87,4,71.67,286.68
2744,904,61,1,151.28,151.28
2745,151,131,2,393.99,787.98
2746,682,71,3,470.71,1412.13
2747,569,165,3,338.39,1015.17
2748,104,264,1,269.23,269.23
2749,505,51,4,78.02,312.08
2750,246,160,1,330.72,330.72
2751,585,195,3,114.2,342.6
2752,574,174,2,444.24,888.48
2753,738,145,4,487.18,1948.72
2754,192,188,1,185.51,185.51
2755,242,116,2,134.07,268.14
2756,208,18,2,43.39,86.78
2757,724,188,4,205.81,823.24
2758,383,137,3,432.47,1297.41
2759,798,200,3,252.19,756.57
2760,816,233,4,295.48,1181.92
2761,917,138,3,473.76,1421.28
2762,370,123,4,188.51,754.04
2763,484,139,4,196.4,785.6
2764,746,258,4,481.33,1925.32
2765,66,221,2,453.44,906.88
2766,130,41,2,174.91,349.82
2767,379,12,1,288.48,288.48
2768,948,157,1,408.31,408.31
2769,190,205,2,164.93,329.86
2770,963,191,4,201.55,806.2
2771,865,229,2,60.86,121.72
2772,945,123,1,229.33,229.33
2773,283,70,2,187.13,374.26
2774,735,61,3,94.89,284.67
2775,126,147,1,498.86,498.86
2776,977,136,2,127.67,255.34
2777,919,81,4,409.21,1636.84
2778,309,163,3,110.68,332.04
2779,830,29,4,285.45,1141.8
2780,226,235,2,56.6,113.2
2781,930,10,1,269.41,269.41
2782,703,63,4,470.37,1881.48
2783,842,183,2,75.33,150.66
2784,124,41,3,366.3,1098.9
2785,458,48,3,162.58,487.74
2786,215,186,3,370.87,1112.61
2787,181,222,4,133.58,534.32
2788,865,256,1,60.65,60.65
2789,199,84,1,347.29,347.29
2790,421,175,2,115.17,230.34
2791,456,237,4,70.37,281.48
2792,441,205,3,206.34,619.02
2793,200,240,1,60.18,60.18
2794,933,32,1,462.88,462.88
2795,645,183,2,407.77,815.54
2796,955,275,1,17.17,17.17
2797,959,189,3,326.29,978.87
2798,675,24,1,17.53,17.53
2799,156,248,2,366.1,732.2
2800,68,159,2,163.3,326.6
2801,679,100,1,215.58,215.58
2802,619,155,2,483.99,967.98
2803,709,64,2,382.72,765.44
2804,542,45,4,496.76,1987.04
2805,931,18,2,65.2,130.4
2806,388,178,3,356.05,1068.15
2807,531,201,2,453.71,907.42
2808,28,96,4,393.13,1572.52
2809,353,66,3,483.35,1450.05
2810,361,110,2,78.44,156.88
2811,155,227,2,351.16,702.32
2812,195,268,2,5.7,11.4
2813,373,243,2,392.02,784.04
2814,231,67,2,214.5,429.0
2815,90,260,3,486.14,1458.42
2816,481,204,1,454.16,454.16
2817,565,236,1,258.17,258.17
2818,399,255,1,383.42,383.42
2819,827,82,2,193.66,387.32
2820,102,8,4,66.72,266.88
2821,406,52,3,324.18,972.54
2822,976,284,2,447.01,894.02
2823,572,287,2,354.51,709.02
2824,987,253,4,461.91,1847.64
2825,781,135,3,390.78,1172.34
2826,490,103,3,224.1,672.3
2827,269,68,2,108.86,217.72
2828,994,111,2,75.11,150.22
2829,166,261,1,319.2,319.2
2830,773,150,3,498.58,1495.74
2831,355,287,2,360.09,720.18
2832,681,95,2,368.45,736.9
2833,363,208,1,191.63,191.63
2834,841,173,2,188.94,377.88
2835,51,200,2,417.39,834.78
2836,651,246,2,38.0,76.0
2837,664,59,1,139.42,139.42
2838,701,252,3,56.75,170.25
2839,242,4,4,336.16,1344.64
2840,235,287,3,387.22,1161.66
2841,669,288,3,78.51,235.53
2842,910,37,2,388.51,777.02
2843,179,206,1,256.82,256.82
2844,294,205,2,287.6,575.2
2845,738,243,3,196.13,588.39
2846,322,142,4,27.29,109.16
2847,327,129,1,400.64,400.64
2848,960,35,3,47.81,143.43
2849,738,138,1,43.36,43.36
2850,785,176,3,216.99,650.97
2851,18,292,1,290.23,290.23
2852,385,109,3,228.18,684.54
2853,509,184,2,34.8,69.6
2854,823,1,2,13.99,27.98
2855,173,223,2,335.0,670.0
2856,73,255,1,72.3,72.3
2857,678,46,2,157.2,314.4
2858,964,104,2,377.19,754.38
2859,441,207,4,268.33,1073.32
2860,663,233,4,22.99,91.96
2861,978,268,4,111.73,446.92
2862,169,219,4,447.13,1788.52
2863,237,41,2,70.27,140.54
2864,668,200,1,232.89,232.89
2865,348,296,4,326.13,1304.52
2866,431,181,2,421.13,842.26
2867,959,107,3,105.49,316.47
2868,618,47,4,167.76,671.04
2869,193,16,3,94.94,284.82
2870,128,75,1,83.48,83.48
2871,601,36,3,421.87,1265.61
2872,794,179,4,404.74,1618.96
2873,279,145,4,400.77,1603.08
2874,291,246,1,356.93,356.93
2875,2,72,4,484.24,1936.96
2876,476,203,3,158.05,474.15
2877,682,223,4,203.45,813.8
2878,587,230,4,462.06,1848.24
2879,907,46,4,409.03,1636.12
2880,395,178,4,346.86,1387.44
2881,35,132,3,21.35,64.05
2882,417,126,3,160.79,482.37
2883,226,241,2,23.63,47.26
2884,757,198,3,284.7,854.1
2885,632,96,4,223.48,893.92
2886,113,290,3,72.99,218.97
2887,713,195,2,163.94,327.88
2888,51,190,4,360.91,1443.64
2889,184,189,3,59.51,178.53
2890,542,83,4,209.7,838.8
2891,212,219,3,121.21,363.63
2892,81,161,3,458.5,1375.5
2893,636,287,3,307.8,923.4
2894,358,145,4,330.44,1321.76
2895,254,153,3,378.09,1134.27
2896,896,150,2,157.16,314.32
2897,264,38,3,307.93,923.79
2898,406,292,2,377.73,755.46
2899,249,133,3,291.27,873.81
2900,292,116,3,439.15,1317.45
2901,271,9,2,77.32,154.64
2902,49,169,4,68.51,274.04
2903,741,245,2,494.22,988.44
2904,686,273,3,54.38,163.14
2905,162,54,1,498.86,498.86
2906,779,293,4,68.9,275.6
2907,708,89,1,430.91,430.91
2908,780,23,4,166.78,667.12
2909,921,266,3,100.39,301.17
2910,646,212,3,171.66,514.98
2911,820,300,2,430.28,860.56
2912,129,20,2,10.03,20.06
2913,310,143,4,424.89,1699.56
2914,391,33,2,363.15,726.3
2915,229,291,1,412.37,412.37
2916,145,183,1,72.5,72.5
2917,118,105,4,169.99,679.96
2918,403,183,4,99.21,396.84
2919,597,173,4,482.1,1928.4
2920,569,221,1,461.74,461.74
2921,625,112,1,134.24,134.24
2922,370,283,3,98.63,295.89
2923,713,168,4,197.0,788.0
2924,87,38,2,467.6,935.2
2925,564,190,1,443.08,443.08
2926,304,94,2,415.26,830.52
2927,162,70,1,429.7,429.7
2928,200,159,4,149.91,599.64
2929,272,209,2,329.73,659.46
2930,20,155,2,333.33,666.66
2931,732,297,4,254.7,1018.8
2932,710,203,1,21.17,21.17
2933,811,161,2,286.7,573.4
2934,288,196,1,80.73,80.73
2935,825,46,4,221.89,887.56
2936,293,33,4,135.43,541.72
2937,39,155,2,421.53,843.06
2938,60,80,2,270.6,541.2
2939,811,188,1,85.87,85.87
2940,835,287,3,213.95,641.85
2941,347,93,4,377.05,1508.2
2942,748,82,2,104.52,209.04
2943,533,79,2,9.61,19.22
2944,17,69,3,203.63,610.89
2945,111,111,2,439.52,879.04
2946,236,12,2,102.65,205.3
2947,419,240,4,38.52,154.08
2948,709,63,4,392.74,1570.96
2949,374,6,4,428.67,1714.68
2950,146,245,3,376.7,1130.1
2951,323,128,1,90.91,90.91
2952,658,190,2,32.74,65.48
2953,965,89,2,368.68,737.36
2954,570,133,4,89.46,357.84
2955,30,111,3,359.79,1079.37
2956,974,68,1,67.89,67.89
2957,304,235,1,473.54,473.54
2958,819,298,1,49.98,49.98
2959,735,84,2,332.65,665.3
2960,136,150,1,441.13,441.13
2961,60,225,4,458.56,1834.24
2962,266,280,4,366.18,1464.72
2963,982,53,4,322.89,1291.56
2964,708,254,3,413.3,1239.9
2965,424,55,2,463.2,926.4
2966,52,198,3,321.71,965.13
2967,233,275,4,81.27,325.08
2968,694,241,2,173.04,346.08
2969,894,33,2,82.0,164.0
2970,614,21,3,195.71,587.13
2971,777,274,3,357.74,1073.22
2972,937,260,2,473.84,947.68
2973,498,128,2,228.43,456.86
2974,788,40,2,54.37,108.74
2975,87,45,1,64.02,64.02
2976,469,263,1,121.67,121.67
2977,355,284,4,404.63,1618.52
2978,761,26,1,229.94,229.94
2979,51,249,3,348.33,1044.99
2980,818,116,2,179.5,359.0
2981,602,129,3,93.21,279.63
2982,326,57,4,55.5,222.0
2983,180,73,4,472.95,1891.8
2984,767,131,2,114.05,228.1
2985,466,94,2,15.62,31.24
2986,878,149,2,76.45,152.9
2987,385,91,4,341.17,1364.68
2988,702,134,4,425.75,1703.0
2989,197,100,1,347.72,347.72
2990,837,101,2,488.2,976.4
2991,302,155,4,439.22,1756.88
2992,854,10,3,253.59,760.77
2993,532,256,3,10.81,32.43
2994,476,11,2,10.11,20.22
2995,384,194,3,40.33,120.99
2996,785,161,2,395.07,790.14
2997,459,255,3,313.84,941.52
2998,926,94,4,216.43,865.72
2999,674,108,2,474.08,948.16
3000,613,163,4,120.42,481.68
